"id","product","type","quantity","unit_price"
1,Chips Potato Reg 43g,Snacks,53,16.87
2,Pepper Gypsy Pepper,Meat,81,1.45
3,Wine Ej Gallo Sonoma,Meat,67,13.40
4,Tortillas Flour 12,Snacks,90,5.98
5,Juice Ocean Spray Kiwi,Vegetables,4,19.37
6,Turnip Wax,CannedGoods,74,12.89
7,Nut Walnut Pieces,Beverages,13,19.02
8,Fish Bones,Bakery,48,13.93
9,Juice Clam 46 Oz,Beverages,46,9.27
10,Sugar Invert,Meat,29,14.50
11,Sauce Demi Glace,Vegetables,45,12.28
12,Iced Tea Lemon 340ml,PersonalCare,90,14.84
13,Plaintain,FrozenFoods,96,19.02
14,Rootbeer,Dairy,19,8.65
15,Longos Assorted Sandwich,Dairy,38,15.57
16,Ketchup Tomato,Beverages,60,8.91
17,Salt Seasoned,Dairy,19,2.13
18,Ecolab Digiclean Mild Fm,Vegetables,25,18.57
19,Milk Skim,PersonalCare,68,12.92
20,Tart Lemon,Vegetables,41,2.74
21,Pepper Sorrano,Dairy,28,14.02
22,Pork Inside,Dairy,72,15.88
23,Flour Strong,FrozenFoods,71,2.74
24,Apple Royal Gala,Dairy,64,11.74
25,Chocolate Eclairs,CannedGoods,3,3.99
26,Bread Pumpernickle Rounds,Dairy,81,8.54
27,Coffee Guatemala Dark,Meat,78,6.72
28,Lady Fingers,Dairy,92,18.83
29,Bread Base Goodhearth,Dairy,11,13.41
30,Sole Dover Whole Fresh,PersonalCare,94,16.41
31,Orange Blood,Vegetables,92,8.28
32,Pasta Cannelloni Sheets Fresh,PersonalCare,18,6.87
33,Bread Foccacia Whole,Fruits,96,6.13
34,Brandy Cherry Mcguinness,Dairy,75,5.86
35,Bread Sour Batard,PersonalCare,65,12.21
36,Pork Bones,Beverages,67,11.24
37,Jerusalem Artichoke,Beverages,59,16.85
38,Cocktail Napkin Blue,Bakery,44,17.10
39,Jerusalem Artichoke,PersonalCare,44,7.81
40,Lettuce Red Leaf,Dairy,46,5.04
41,Pea Snow,Beverages,98,11.46
42,Persimmons,Beverages,88,7.87
43,Marjoram Fresh,Meat,91,1.54
44,Wine White Ej,Meat,49,15.89
45,Seaweed Green Sheets,PersonalCare,87,8.39
46,Huck White Towels,Fruits,58,13.69
47,Lettuce Boston Bib Organic,Fruits,76,8.31
48,Soup Knorr Classic Can. Chili,Fruits,84,4.93
49,Pork Caul Fat,FrozenFoods,60,12.78
50,Glycerine,Vegetables,9,10.59
51,Wine Red Gallo Merlot,Meat,91,16.14
52,Pork Suckling Pig,Beverages,3,10.36
53,Tomato Peeled Italian Canned,Vegetables,37,13.97
54,Rice Wine Aji Mirin,Dairy,57,1.78
55,Soap Hand Soap,CannedGoods,32,5.95
56,Beans Black Bean Canned,CannedGoods,57,1.79
57,Bread Raisin Walnut Oval,Beverages,20,13.62
58,Crackers Soda / Saltins,PersonalCare,6,16.63
59,Bonito Flakes Toku Katsuo,PersonalCare,47,2.03
60,Yeast Dry Fleischman,Snacks,12,14.97
61,Clams Bay,FrozenFoods,28,1.05
62,Wine Jackson Triggs Okonagan,FrozenFoods,2,12.72
63,Lotus Rootlets Canned,Beverages,53,14.84
64,Wooden Mop Handle,Fruits,11,8.72
65,Star Anise Whole,Fruits,52,10.43
66,Noodles Cellophane Thin,Fruits,77,8.97
67,Cookie Dough Oatmeal Rasin,PersonalCare,89,10.97
68,Boogies,Meat,64,3.10
69,Juice Apple Cider,Vegetables,29,17.64
70,Table Cloth 90x90 White,Snacks,48,14.84
71,Basil Seedlings Cookstown,PersonalCare,26,18.72
72,Water Spring 1.5lit,Beverages,62,10.84
73,Chips Miss Vickies,CannedGoods,4,4.96
74,Puff Pastry Slab,Bakery,28,11.08
75,Vodka Moskovskaya,Meat,52,9.90
76,Lemonade Black Cherry 591 Ml,Snacks,22,18.00
77,Vinegar Cider,Vegetables,4,2.62
78,Ginger Pickled,Beverages,82,8.46
79,Compound Rum,PersonalCare,3,2.22
80,Kale Red,Beverages,43,3.40
81,Hold Up Tool Storage Rack,PersonalCare,29,14.25
82,Onions Cooking,Dairy,66,10.42
83,Coconut Shredded Sweet,Bakery,21,14.70
84,Tea Grapefruit Green Tea,Snacks,47,4.94
85,Pasta Fettuccine Dry,FrozenFoods,89,10.45
86,Bagel Plain,Fruits,44,8.62
87,Beef Flat Iron Steak,FrozenFoods,15,13.18
88,Flower Dish Garden,Beverages,89,17.84
89,Quail Jumbo,FrozenFoods,65,17.06
90,Oranges,FrozenFoods,53,1.43
91,Wine Rubyport,Vegetables,91,9.01
92,Tart Shells Savory 3,FrozenFoods,36,7.60
93,Wheat Soft Kernal Of Wheat,Beverages,65,13.97
94,Langers Mango Nectar,Beverages,49,7.58
95,Beef Top Butt Aaa,Vegetables,37,5.14
96,Easy Off Oven Cleaner,Beverages,84,3.97
97,Beef Cooked Corned,Snacks,46,5.38
98,Bandage Finger Cots,FrozenFoods,84,4.34
99,Mushroom Shitake Fresh,Meat,59,19.87
100,Sorrel Fresh,CannedGoods,17,16.04
101,Cranberry Foccacia,Bakery,55,3.52
102,Iced Tea Lemon 460 Ml,Dairy,14,10.81
103,Pails With Lids,Dairy,32,17.66
104,Syrup Pancake,Fruits,56,6.30
105,Coffee Colombian Portioned,Beverages,97,18.62
106,Mushroom Chanterelle Dry,Vegetables,98,6.84
107,Orange Blood,PersonalCare,56,2.12
108,Anchovy Paste 56 G Tube,CannedGoods,82,3.92
109,Wine Riesling Dr. Pauly,FrozenFoods,25,13.83
110,Glaze Clear,FrozenFoods,66,19.61
111,Wine Sawmill Creek Autumn,Meat,77,19.14
112,Trout Smoked,Fruits,91,2.81
113,Wine Beaujolais Villages,Snacks,61,9.57
114,Chocolate Sugar Free Semi Choc,PersonalCare,59,4.64
115,Okra,Beverages,60,10.94
116,Coffee Egg Nog Capuccino,CannedGoods,49,11.51
117,Zucchini Mini Green,Dairy,47,6.61
118,Appetizer Mango Chevre,Dairy,72,10.84
119,Truffle Cups Red,Fruits,13,5.22
120,Shrimp Baby Cold Water,CannedGoods,22,2.17
121,Veal Bones,Bakery,89,9.94
122,Pastry Choclate Baked,Bakery,63,11.66
123,Bread Kimel Stick Poly,Vegetables,7,12.60
124,Tea Jasmin Green,Bakery,95,19.31
125,Lentils Green Le Puy,CannedGoods,66,11.26
126,Beef Short Ribs,Vegetables,47,2.33
127,Momiji Oroshi Chili Sauce,Bakery,7,6.32
128,Pail 4l White With Handle,PersonalCare,63,7.64
129,Pork Loin Bine In Frenched,Beverages,99,13.55
130,Veal Nuckle,Meat,12,14.43
131,Cinnamon Ground,CannedGoods,74,19.02
132,Wine Carmenere Casillero Del,Snacks,76,15.61
133,Cheese Blue,Bakery,49,1.79
134,Wine Mondavi Coastal Private,Meat,15,14.16
135,Cheese Feta,Dairy,39,17.93
136,Chinese Foods Thick Noodles,Dairy,56,1.67
137,V8 Tropical Blend,Snacks,94,5.94
138,Pasta Angel Hair,CannedGoods,31,3.63
139,Wine Black Tower Qr,Fruits,34,15.78
140,Browning Caramel Glace,CannedGoods,94,8.57
141,Bread Crumbs Panko,PersonalCare,83,16.24
142,Squid U 10 Thailand,Meat,98,9.80
143,Artichokes Knobless White,FrozenFoods,30,8.44
144,Orange Roughy 4/6 Oz,Fruits,12,4.63
145,Butter Unsalted,FrozenFoods,72,8.44
146,Beer Corona,Vegetables,87,6.80
147,Shiratamako Rice Flour,Dairy,94,19.32
148,Longos Chicken Curried,Snacks,25,6.20
149,Truffle Cups Green,Bakery,68,11.39
150,Mace,Fruits,70,13.30
151,Bag Clear 10 Lb,Meat,98,6.90
152,Galliano,CannedGoods,79,14.27
153,Aspic Clear,PersonalCare,6,18.48
154,Soup Campbells Mexicali Tortilla,Snacks,40,4.88
155,Placemat Scallop White,Snacks,72,10.19
156,Mini Vol Au Vents,CannedGoods,5,13.66
157,Arizona Plum Green Tea,FrozenFoods,94,18.36
158,Curry Paste Green Masala,Fruits,2,7.31
159,Spinach Packaged,Vegetables,28,1.02
160,Roe Lump Fish Black,Fruits,17,1.29
161,Vinegar Balsamic,Bakery,36,9.59
162,Yogurt French Vanilla,PersonalCare,50,19.75
163,Island Oasis Banana Daiquiri,PersonalCare,72,19.04
164,Longos Penne With Pesto,FrozenFoods,78,6.26
165,Wine Domaine Boyar Royal,Fruits,61,14.15
166,Lobster Tail 3 4 Oz,FrozenFoods,29,10.16
167,Oil Cooking Spray,Dairy,35,13.78
168,Wine Prosecco Valdobiaddene,FrozenFoods,30,17.10
169,Appetizer Assorted Box,PersonalCare,84,17.51
170,Muffin Blueberry Individual,Beverages,2,1.90
171,Bread Base Goodhearth,Dairy,23,11.14
172,Blueberries Frozen,Vegetables,77,5.88
173,Pork Backs Boneless,PersonalCare,28,4.02
174,Energy Drink Franks Original,Dairy,25,7.26
175,Wine Red Oakridge Merlot,Fruits,82,11.54
176,Puree Strawberry,Snacks,30,19.60
177,Kumquat,CannedGoods,5,9.22
178,Nori Sea Weed Gold Label,CannedGoods,44,18.27
179,Cake Mini Cheesecake,Vegetables,49,16.21
180,Muffin Zero Transfat,Bakery,100,4.21
181,Soup Knorr Chili With Beans,Beverages,26,17.45
182,Venison Striploin,Bakery,27,12.48
183,Steel Wool S.o.s,Fruits,34,17.90
184,Jam Blackberry 20 Ml Jar,Bakery,42,5.49
185,Shiro Miso,CannedGoods,18,15.08
186,Milk Skim,PersonalCare,85,2.78
187,Honey Lavender,FrozenFoods,91,5.89
188,Calaloo,Snacks,28,15.06
189,Halibut Whole Fresh,CannedGoods,82,16.48
190,Beef Wellington,Fruits,20,6.28
191,Latex Rubber Gloves Size 9,Bakery,25,10.02
192,Soup Campbells Mushroom,Fruits,86,1.67
193,Lamb Shoulder Boneless Nz,Dairy,79,7.95
194,Limes,Meat,24,3.29
195,Bread Country Roll,FrozenFoods,46,18.31
196,Truffle Whole Black Peeled,Fruits,99,5.01
197,Eggplant Asian,PersonalCare,30,10.00
198,Lettuce Curly Endive,Snacks,77,19.04
199,Soup Base Broth Beef,Fruits,12,15.17
200,Pastry Chocolate Marble Tea,Beverages,47,1.07
201,Wiberg Super Cure,FrozenFoods,89,13.78
202,Sauce Demi Glace,Meat,77,11.62
203,Flour Cake,CannedGoods,83,10.24
204,Beans Black Bean Dry,Snacks,6,15.47
205,Pickles Gherkins,Bakery,82,3.87
206,Grenadillo,Bakery,49,13.06
207,Ecolab Ster Bac,Snacks,85,14.50
208,Bag Bread White Plain,Beverages,69,19.36
209,Wine Balbach Riverside,Snacks,96,19.91
210,Lamb Rack,Snacks,68,3.52
211,Wine White Ej Gallo,Snacks,17,10.22
212,Bread Flat Bread,Dairy,77,8.70
213,Sauce Roasted Red Pepper,Vegetables,8,8.51
214,Cheese Wine,Meat,9,4.90
215,Rosemary Fresh,Dairy,64,18.15
216,Sauce Bbq Smokey,Dairy,37,13.59
217,Ice Cream Fudge Bars,Snacks,23,2.03
218,Nantucket Carrot Orange,CannedGoods,25,6.70
219,Shrimp Black Tiger 6 8,Snacks,85,8.66
220,Trueblue Blueberry 12x473ml,Beverages,74,13.34
221,Pastry Banana Tea Loaf,CannedGoods,36,6.32
222,Vinegar Balsamic,Snacks,69,16.04
223,Arizona Plum Green Tea,Fruits,15,7.71
224,Nori Sea Weed,PersonalCare,58,5.99
225,Napkin White,CannedGoods,96,13.61
226,Beef Outside Round,Bakery,55,6.18
227,Stainless Steel Cleaner Vision,Dairy,86,14.45
228,Vinegar Champagne,Vegetables,98,1.39
229,Coffee Almond Amaretto,Meat,19,8.54
230,Wine White Gewurtzraminer,Snacks,26,13.14
231,Dried Apple,CannedGoods,78,17.85
232,Syrup Monin Granny Smith,CannedGoods,91,18.06
233,Mushroom Shitake Dry,PersonalCare,87,15.04
234,Mayonnaise Individual Pkg,CannedGoods,40,4.44
235,Beer True North Lager,Bakery,82,18.44
236,Lamb Leg Bone In Nz,PersonalCare,47,4.49
237,Coffee Caramel Biscotti,Bakery,84,2.05
238,Mince Meat Filling,Bakery,24,16.71
239,Table Cloth 91x91 Colour,Bakery,24,14.16
240,Tart Shells Sweet 3,Meat,84,5.75
241,Sauce Gravy Au Jus Mix,Dairy,67,16.91
242,Vinegar Sherry,CannedGoods,84,9.84
243,Smoked Paprika,Beverages,21,12.02
244,Cheese Cheddar Medium,CannedGoods,60,11.46
245,Pepper Yellow Bell,Bakery,32,18.10
246,Bread Roll Soft White Round,Snacks,47,4.69
247,Soup Campbells Italian Wedding,Dairy,18,6.84
248,Foil 4oz Custard Cup,CannedGoods,21,1.71
249,Table Cloth 53x69 White,Beverages,15,7.29
250,Cookie Dough Chunky,CannedGoods,86,15.99
251,Lamb Whole Frozen,Snacks,91,14.16
252,Juice V8 Tomato,FrozenFoods,17,11.61
253,Cheese Taleggio D.o.p.,Beverages,74,5.06
254,Wine Touraine Azay Le Rideau,Meat,70,14.97
255,Chickhen Chicken Phyllo,CannedGoods,68,3.29
256,Split Peas Yellow Dry,FrozenFoods,17,4.52
257,Gatorade Lemon Lime,Fruits,7,2.50
258,Bacardi Limon,CannedGoods,55,11.57
259,Wine Puligny Montrachet A.,CannedGoods,52,17.23
260,Bread Italian Sesame Poly,Fruits,72,17.43
261,Garbage Bag Clear,Bakery,88,1.54
262,Laundry Bag Cloth,Fruits,87,17.60
263,Hold Up Tool Storage Rack,Bakery,72,7.15
264,Duck Legs,FrozenFoods,11,13.82
265,Apple Delicious Red,FrozenFoods,4,13.18
266,Cheese Augre Des Champs,PersonalCare,29,5.78
267,Potatoes Parissienne,Dairy,42,15.38
268,Bacardi Raspberry,Fruits,61,5.25
269,Appetizer Smoked Salmon / Dill,Dairy,62,18.69
270,Lettuce Treviso,Snacks,59,4.95
271,Pomello,Dairy,42,2.54
272,Chicken Whole Roasting,Beverages,35,16.18
273,Kellogs All Bran Bars,Fruits,14,12.47
274,Syrup Kahlua Chocolate,Meat,47,6.27
275,Sugar Brown Individual,FrozenFoods,33,11.39
276,Salt And Pepper Mix White,Meat,53,15.53
277,Yogurt French Vanilla,CannedGoods,48,15.43
278,Mortadella,FrozenFoods,65,14.98
279,Tumeric,Beverages,26,15.74
280,Marzipan 50/50,Bakery,9,6.91
281,Orange Roughy 6/8 Oz,Snacks,23,8.31
282,Sage Rubbed,Beverages,76,17.55
283,Yucca,Beverages,18,15.59
284,Nantucket Pine Orangebanana,Meat,67,19.99
285,Hickory Smoke Liquid,Beverages,93,2.28
286,Veal Osso Bucco,Meat,70,2.94
287,Cinnamon Ground,FrozenFoods,85,17.87
288,Cheese Cottage Cheese,Dairy,11,3.24
289,Sugar Invert,CannedGoods,87,14.19
290,Vanilla Beans,Dairy,82,12.16
291,Chocolate Dark Callets,PersonalCare,35,18.94
292,Egg Salad Premix,FrozenFoods,33,18.98
293,Beans Kidney White,PersonalCare,38,8.41
294,Chicken Wieners,Bakery,89,13.73
295,Sauce Gravy Au Jus Mix,Vegetables,65,7.08
296,Fish Halibut Cold Smoked,Beverages,44,4.77
297,Scallop St. Jaques,CannedGoods,9,18.41
298,Bread Multigrain Loaf,Snacks,99,12.96
299,Split Peas Green Dry,Bakery,74,2.88
300,Cleaner Comet,Snacks,80,16.77
301,Pepper Black Crushed,Beverages,50,2.77
302,Guava,CannedGoods,7,11.38
303,Pear Asian,Dairy,57,3.51
304,Icecream Bar Del Monte,Vegetables,49,9.87
305,Bread Pain Au Liat X12,Snacks,37,1.78
306,Cocoa Butter,Fruits,65,10.27
307,Cheese Comtomme,Dairy,46,15.15
308,Nantucket Orange Mango Cktl,CannedGoods,99,1.82
309,Pear Asian,Snacks,32,1.94
310,Pike Frozen Fillet,Meat,17,6.33
311,Bay Leaf Fresh,Dairy,42,16.64
312,Muskox French Rack,Bakery,35,17.14
313,Roe Flying Fish,Meat,34,9.51
314,Galliano,FrozenFoods,91,1.10
315,Lettuce Curly Endive,Vegetables,65,14.36
316,Pasta Lasagna Dry,CannedGoods,72,8.17
317,Soupfoamcont12oz 112con,Beverages,18,17.16
318,Broom Push,FrozenFoods,55,17.40
319,Hummus Spread,PersonalCare,84,19.80
320,Cheese Cheddar Mild,Vegetables,40,3.87
321,Cheese Valancey,Snacks,58,1.07
322,Flour Whole Wheat,Fruits,48,2.19
323,Plate Foam Bread And Butter,Fruits,62,2.70
324,Truffle Cups White Paper,Snacks,62,4.90
325,Raspberries Frozen,CannedGoods,9,13.33
326,Beef Texas Style Burger,Meat,73,10.24
327,Cognac Courvaisier,Dairy,49,15.33
328,External Supplier,Snacks,55,1.10
329,Nut Walnut Chopped,Vegetables,65,2.89
330,Cake Slab,PersonalCare,85,5.54
331,Hold Up Tool Storage Rack,CannedGoods,74,14.34
332,Green Scrubbie Pad H.duty,PersonalCare,33,2.20
333,Corn Kernels Frozen,Bakery,25,13.58
334,Gelatine Leaves Envelopes,Snacks,76,5.86
335,Sea Urchin,Beverages,47,5.93
336,Potatoes Fingerling 4 Oz,PersonalCare,37,11.18
337,Muffin Mix Carrot,FrozenFoods,73,12.38
338,Beef Shank,PersonalCare,88,17.29
339,Chervil Fresh,Dairy,30,2.39
340,Spinach Baby,Dairy,93,7.66
341,Juice Apple 341 Ml,CannedGoods,76,15.91
342,Snapple Iced Tea Peach,Vegetables,100,14.45
343,Plasticknivesblack,Beverages,5,16.38
344,Ginsing Fresh,Meat,96,7.81
345,Croissants Thaw And Serve,Snacks,5,9.51
346,Rosemary Fresh,Snacks,5,17.57
347,Fenngreek Seed,Bakery,70,14.94
348,Chicken Diced Cooked,CannedGoods,21,16.48
349,Cheese Wine,Dairy,16,19.26
350,Plate Pie Foil,CannedGoods,67,11.39
351,Croissants Thaw And Serve,Meat,13,13.48
352,Arctic Char Fresh Whole,Dairy,51,2.77
353,Lobster Canned Premium,FrozenFoods,13,16.58
354,Pesto Primerba Paste,CannedGoods,3,1.18
355,Lettuce Treviso,CannedGoods,62,8.05
356,Tray Foam Square 4 S,Fruits,64,19.16
357,Sprouts Peppercress,Fruits,47,14.62
358,Beef Salted,FrozenFoods,29,12.16
359,Lid Coffee Cup 8oz Blk,Snacks,1,18.38
360,Venison Liver,Dairy,85,17.69
361,Vinegar Sherry,Meat,23,8.92
362,Steampan Foil,Bakery,93,8.53
363,Honey Comb,Fruits,15,3.14
364,Pastrami,Dairy,12,6.94
365,Trout Smoked,Bakery,38,15.48
366,Mousse Passion Fruit,Vegetables,46,16.35
367,Ham Proscuitto,Fruits,15,3.47
368,Nectarines,FrozenFoods,92,14.32
369,Juice Tomato 10 Oz,Bakery,83,13.06
370,Syrup Golden Lyles,CannedGoods,28,19.83
371,Turkey Ground. Lean,Dairy,94,2.93
372,Roe Flying Fish,Meat,77,14.66
373,Sultanas,PersonalCare,24,17.56
374,Lamb Leg Bone In,Bakery,44,19.37
375,Cognac Courvaisier,Meat,33,3.93
376,Flour Cake,Dairy,31,9.35
377,Container Foam Dixie 12 Oz,Snacks,12,19.22
378,Duck Legs,PersonalCare,71,4.87
379,Wine Chardonnay South,CannedGoods,16,3.38
380,Wine Savigny Les Beaune,Dairy,32,17.02
381,Lamb Whole Head Off nz,Snacks,86,5.25
382,Blueberries Frozen,FrozenFoods,73,7.16
383,Wine Fontanafredda Barolo,Vegetables,43,3.52
384,Sauce Cranberry,Bakery,2,19.03
385,Walkers Special Old Whiskey,Dairy,36,12.19
386,Bread Mini Hamburger Bun,PersonalCare,37,16.09
387,Potatoes Idaho 100 Count,Fruits,67,3.37
388,Broccoli Fresh,Meat,89,8.70
389,Pork Ground,Fruits,71,18.79
390,Wine Taylors Reserve,Dairy,74,17.55
391,Star Fruit,Dairy,23,4.99
392,Flour Chickpea,Vegetables,44,1.87
393,Calypso Pineapple Passion,Vegetables,85,2.27
394,Gingerale Schweppes 355 Ml,Meat,65,18.21
395,Tart Pecan Butter Squares,PersonalCare,47,10.74
396,Wine Zinfandel California 2002,Bakery,89,16.76
397,Mousse Mango,CannedGoods,5,1.10
398,Veal Insides Provini,Meat,39,8.82
399,Chicken Breast Wing On,Beverages,83,19.10
400,Longos Lasagna Beef,Fruits,100,8.98
401,Cheese Comtomme,PersonalCare,34,6.84
402,Carroway Seed,Bakery,22,9.47
403,Bread Olive Dinner Roll,Bakery,29,15.17
404,Soup Campbells Beef Noodle,Meat,100,14.31
405,Beans Fine,PersonalCare,35,10.26
406,Foil 4oz Custard Cup,Snacks,43,6.33
407,Kiwi,Vegetables,57,7.01
408,Swiss Chard Red,Snacks,65,11.61
409,Initation Crab Meat,Meat,89,11.87
410,Bar Special K,Snacks,85,15.52
411,Celery Root,CannedGoods,85,16.09
412,Beer Labatt Blue,Fruits,72,8.58
413,Beer Creemore,PersonalCare,40,2.80
414,Flower Carnations,PersonalCare,96,3.87
415,Lamb Tenderloin Nz Fr,PersonalCare,78,1.20
416,Shrimp Prawn,CannedGoods,64,16.06
417,Vaccum Bag 14x20,FrozenFoods,22,16.35
418,Pineapple Regular,FrozenFoods,87,7.22
419,Pails With Lids,Snacks,3,10.58
420,Ginger Ground,Snacks,88,12.27
421,Jack Daniels,Vegetables,57,11.27
422,Broom Handle,CannedGoods,21,12.21
423,Stock Beef Brown,Vegetables,25,2.67
424,Bread Rosemary Focaccia,CannedGoods,19,8.42
425,Soup Canadian Pea Dry Mix,FrozenFoods,36,3.79
426,Wine Two Oceans Cabernet,Meat,70,6.98
427,Cheese Bocconcini,Beverages,32,10.87
428,Bar Mix Pina Colada 355 Ml,Beverages,100,4.62
429,Beer Tetleys,Snacks,19,12.11
430,Lobster Canned Premium,FrozenFoods,51,5.87
431,Cookie Choc,CannedGoods,85,5.69
432,Beef Short Loin,Bakery,4,10.45
433,Sauce Apple Unsweetened,Vegetables,99,14.99
434,Lettuce Romaine Heart,FrozenFoods,17,6.99
435,Milk 1%,Bakery,29,4.05
436,Wine Hardys Bankside Shiraz,PersonalCare,4,11.77
437,Wine Clavet Saint Emilion,Meat,67,15.26
438,Icecream Dstk Super Cone,Meat,91,2.45
439,Burger Veggie,CannedGoods,92,16.77
440,Oven Mitt 13 Inch,PersonalCare,53,17.28
441,Goat Whole Cut,Meat,41,12.57
442,Pancetta,Beverages,33,15.07
443,Fish Base Bouillion,Fruits,79,17.41
444,Eggplant Asian,Fruits,85,6.10
445,Beef Kobe Striploin,FrozenFoods,77,8.82
446,Pasta Penne Rigate Dry,Meat,66,9.73
447,Absolut Citron,PersonalCare,17,6.89
448,Knife Plastic White,Meat,18,17.54
449,Smoked Paprika,Meat,1,8.39
450,Plate Pie Foil,Dairy,92,16.38
451,Tomatillo,Dairy,43,3.78
452,Parsley Fresh,FrozenFoods,76,18.00
453,Veal Inside Provimi,Bakery,31,14.16
454,Pesto Primerba Paste,Meat,38,4.82
455,Onions Vidalia,Beverages,69,8.93
456,Bagel Ched Chs Presliced,Vegetables,66,7.02
457,Chocolate Sugar Free Semi Choc,Fruits,42,6.68
458,Tea Earl Grey,CannedGoods,51,1.41
459,Cheese Parmigiano Reggiano,Vegetables,14,15.28
460,Bread Multigrain Oval,Fruits,2,2.35
461,Beef Cooked Corned,Vegetables,30,11.26
462,Soup Cream Of Broccoli,Bakery,11,10.16
463,Tray 12in Rnd Blk,Beverages,33,9.51
464,Ice Cream Bar Oreo Sandwich,Bakery,25,10.79
465,Pasta Rotini Dry,Snacks,79,17.68
466,Containter 3oz Microwave Rect.,Snacks,61,10.96
467,Sausage Breakfast,Snacks,99,9.55
468,Pastry French Mini Assorted,Meat,51,3.22
469,Cheese La Sauvagine,Fruits,72,14.92
470,Lid Coffee Cup 8oz Blk,CannedGoods,45,14.39
471,Pastry Banana Muffin Mini,PersonalCare,50,1.44
472,Pepper Cubanelle,PersonalCare,20,3.68
473,Bread Base Goodhearth,CannedGoods,57,8.23
474,Wine Chablis 2003 Champs,Beverages,65,18.41
475,Icecream Bar Del Monte,Bakery,79,10.73
476,Calaloo,Fruits,94,19.44
477,Island Oasis Cappucino Mix,Snacks,39,6.84
478,Wine Cotes Du Rhone,Meat,44,4.29
479,Red Snapper Fillet Skin On,CannedGoods,93,6.16
480,Taro Root,FrozenFoods,26,17.74
481,Beer Sleeman Fine Porter,Snacks,57,14.86
482,Crush Grape 355 Ml,Fruits,87,15.64
483,Crackers Cheez It,Snacks,40,8.22
484,Artichoke Hearts Canned,Fruits,16,8.22
485,Sugar Invert,Meat,7,5.52
486,Swiss Chard Red,Vegetables,98,7.62
487,Cheese Roquefort Pappillon,Snacks,64,10.26
488,Lettuce Sea / Sea Asparagus,Dairy,1,7.24
489,Emulsifier,FrozenFoods,93,3.03
490,The Pop Shoppe Pinapple,FrozenFoods,86,10.97
491,Bagels Poppyseed,Bakery,66,16.03
492,Beer Camerons Auburn,Snacks,18,9.83
493,Sauce Sesame Thai Dressing,Dairy,4,2.88
494,Persimmons,Vegetables,12,16.31
495,Garlic Elephant,PersonalCare,95,15.42
496,Dried Figs,Beverages,91,12.19
497,Wine Two Oceans Cabernet,Meat,41,2.27
498,Nacho Chips,Fruits,65,11.32
499,Beer Fruli,Dairy,9,11.84
500,Propel Sport Drink,Vegetables,90,13.53
501,Corn On The Cob,Beverages,44,8.11
502,Pur Source,Vegetables,39,9.45
503,Stock Beef Brown,FrozenFoods,5,4.47
504,Apple Fuji,Meat,90,5.90
505,Wine Stoneliegh Sauvignon,Meat,83,7.49
506,Pepper Yellow Bell,CannedGoods,4,13.70
507,Cornflakes,Snacks,8,18.57
508,Wine Tribal Sauvignon,Beverages,30,10.02
509,Beets Candy Cane Organic,FrozenFoods,29,2.96
510,Rambutan,FrozenFoods,89,4.27
511,Plate Pie Foil,Vegetables,54,7.60
512,Wine White Chardonnay,FrozenFoods,98,7.48
513,Sea Bass Whole,Bakery,89,5.35
514,Petit Baguette,Meat,70,17.97
515,Cape Capensis Fillet,Fruits,71,15.55
516,Cheese Cream Cheese,Dairy,25,4.21
517,Tray 16in Rnd Blk,FrozenFoods,51,11.86
518,Chicken Leg Fresh,Vegetables,33,12.28
519,Papadam,Fruits,57,17.38
520,Soup Verve Chipotle Chicken,Snacks,51,8.11
521,Nut Almond Blanched Ground,Bakery,98,8.52
522,Liners Baking Cups,PersonalCare,31,8.83
523,Skirt 29 Foot,Beverages,37,17.80
524,Food Colouring Orange,Bakery,37,3.20
525,Sprite 355 Ml,Beverages,75,10.32
526,Extract Vanilla Pure,Bakery,60,13.95
527,Bread White Sliced,Dairy,96,5.04
528,Versatainer Nc 8288,Fruits,31,12.91
529,Calypso Black Cherry Lemonade,Fruits,57,6.83
530,Wine Barossa Valley Estate,Fruits,96,16.43
531,Onions Dried Chopped,Bakery,33,19.90
532,Beef Chuck Boneless,Meat,35,3.53
533,Tea Jasmin Green,CannedGoods,24,10.86
534,Turnip Mini,Snacks,65,4.83
535,Onions Cooking,Meat,43,15.87
536,Pork Loin Boneless,Snacks,81,11.75
537,Cheese Asiago,CannedGoods,95,4.43
538,Veal Brisket Provimi bnls,Fruits,98,7.18
539,Beans Butter Lrg Lima,Fruits,4,10.69
540,Pork Caul Fat,CannedGoods,92,16.20
541,Energy Drink Franks Original,Snacks,46,15.90
542,Pastry Raisin Muffin Mini,Fruits,90,8.63
543,Beef Rib Roast Capless,Fruits,83,6.74
544,Foil Round Foil,Dairy,12,17.90
545,Salmon Steak Cohoe 6 Oz,CannedGoods,19,5.37
546,Potatoes Yukon Gold 80 Ct,Dairy,29,13.64
547,Ecolab Ster Bac,Bakery,4,8.82
548,Beef Ox Tongue,Fruits,30,17.52
549,Rabbit Saddles,PersonalCare,39,11.93
550,Squash Acorn,Dairy,100,2.09
551,Tea Herbal Sweet Dreams,FrozenFoods,32,3.02
552,Pepper Yellow Bell,Fruits,43,19.10
553,Oil Cooking Spray,Bakery,65,12.78
554,Cucumber English,Vegetables,82,5.14
555,Bread Focaccia Quarter,Meat,44,6.73
556,Lettuce Treviso,Meat,69,13.72
557,Bagel Plain,FrozenFoods,79,18.61
558,Trout Hot Smkd Dbl Fillet,Beverages,59,15.93
559,Squid Tubes / Tenticles 10/20,Bakery,11,8.75
560,French Kiss Vanilla,Beverages,22,2.13
561,Bread Multigrain Loaf,FrozenFoods,19,18.17
562,Ecolab Hand Soap Form Antibac,Meat,57,3.85
563,Pasta Canelloni,Meat,14,11.95
564,Apricots Fresh,Vegetables,50,4.73
565,Mayonnaise,Vegetables,27,15.26
566,Food Colouring Red,Beverages,55,12.09
567,Dill Primerba Paste,CannedGoods,31,2.09
568,Cake Mini Potato Pancake,Fruits,66,2.59
569,Cheese Mozzarella Shredded,PersonalCare,56,16.45
570,Sausage Blood Pudding,PersonalCare,86,6.17
571,Lamb Leg Bone In,Fruits,33,14.15
572,Beer Pilsner Urquell,PersonalCare,78,17.47
573,Mussels Frozen,Bakery,14,9.98
574,Skirt 24 Foot,PersonalCare,43,10.47
575,Sauce Thousand Island,FrozenFoods,84,1.87
576,Napkin Beverage 1 Ply,PersonalCare,31,10.38
577,Salt And Pepper Mix White,Fruits,48,8.04
578,Pork Suckling Pig,Fruits,93,17.58
579,Pate Liver,Fruits,33,8.88
580,Wine White Cooking,Fruits,8,14.81
581,Ecolab Power Fusion,Snacks,22,4.74
582,Thyme Dried,FrozenFoods,80,1.96
583,Anchovy In Oil,Beverages,79,13.68
584,Bread Bagels Plain,Beverages,44,18.83
585,Mayonnaise,Dairy,52,19.42
586,Crab Imitation Flakes,Bakery,29,14.08
587,Crab Back Fin Meat Canned,Fruits,81,1.81
588,Soup Clam Chowder Dry Mix,Beverages,80,10.69
589,Gatorade Xfactor Berry,Vegetables,82,4.17
590,Beef Ground Extra Lean Fresh,Snacks,68,2.44
591,Mushroom Enoki Fresh,Bakery,89,16.84
592,Vacuum Bags 12x16,PersonalCare,93,18.34
593,Bok Choy Baby,CannedGoods,73,6.97
594,Longos Assorted Sandwich,Meat,95,19.53
595,Beef Top Sirloin,PersonalCare,65,4.40
596,Tomatoes Diced Canned,Beverages,54,14.99
597,Red Cod Fillets 225g,Meat,9,14.23
598,Salt Kosher,Snacks,59,4.41
599,Tea Decaf 1 Cup,Beverages,56,17.86
600,Peas Frozen,Bakery,62,10.21
601,Wonton Wrappers,Vegetables,97,1.04
602,Onions Cooking,Dairy,17,11.36
603,Lettuce Boston Bib,PersonalCare,80,15.20
604,Bread Base Goodhearth,Meat,83,11.44
605,Ice Cream Bar Rolo Cone,Beverages,55,1.89
606,Grapes Green,FrozenFoods,80,14.23
607,Clams Littleneck Whole,PersonalCare,22,13.44
608,Cleaner Comet,PersonalCare,42,1.21
609,Pastry Mini French Pastries,Meat,37,4.20
610,Chicken Soup Base,Meat,53,8.19
611,Rice Wine Aji Mirin,CannedGoods,58,4.38
612,Fruit Salad Deluxe,Vegetables,71,5.53
613,Coriander Seed,Dairy,64,2.08
614,Wine Red Colio Cabernet,Dairy,92,17.51
615,Wooden Mop Handle,Vegetables,73,7.06
616,Table Cloth 62x114 Colour,Fruits,85,1.89
617,Sprouts Brussel,Vegetables,81,6.66
618,Ice Cream Bar Hageen Daz To,Dairy,56,2.82
619,Truffle Shells Semi Sweet,CannedGoods,54,13.63
620,Pineapple Canned Rings,FrozenFoods,61,16.60
621,Pasta Fusili Tri Coloured,CannedGoods,8,7.65
622,Marjoram Fresh,Dairy,90,18.72
623,Cleaner Lime Away,FrozenFoods,41,10.87
624,Pancetta,Meat,45,16.51
625,Soup Campbells Mexicali Tortilla,FrozenFoods,13,12.26
626,Wine Jackson Triggs Okonagan,Snacks,64,14.47
627,Halibut Steaks,Fruits,2,10.82
628,Pears Bartlett,Bakery,62,17.59
629,Salt Seasoned,PersonalCare,78,16.17
630,Pie Box Cello Window 2.5,Vegetables,3,6.99
631,Garlic,Meat,60,11.43
632,Bagel Everything Presliced,Meat,34,2.54
633,Cup 4oz Translucent,Fruits,27,11.36
634,Foam Dinner Plate,Beverages,18,12.65
635,Chicken Thigh Bone Out,Fruits,15,18.46
636,Appetiser Bought,Vegetables,2,19.52
637,Relish,Bakery,55,19.27
638,Ecolab Crystal Fusion,PersonalCare,91,2.55
639,Nut Pine Nuts Whole,CannedGoods,100,10.48
640,Glass Juice Clear 5oz 55005,Meat,49,19.37
641,Pork Liver,Fruits,65,2.73
642,Sugar Thermometer,Meat,23,10.19
643,Wheat Soft Kernal Of Wheat,Fruits,56,18.57
644,French Pastry Mini Chocolate,Meat,86,7.50
645,Bread White Epi Baguette,FrozenFoods,77,14.52
646,Chestnuts Whole canned,Beverages,99,1.61
647,Horseradish Prepared,Meat,14,6.26
648,Scallops 10/20,Bakery,57,2.98
649,Sea Bass Fillets,CannedGoods,82,15.24
650,Scallop St. Jaques,Meat,16,16.89
651,Corn Kernels Frozen,CannedGoods,54,6.66
652,Pan Grease,Bakery,80,4.33
653,Thyme Lemon Fresh,Fruits,91,11.65
654,Pastry Cherry Danish Mini,Vegetables,5,18.37
655,Beef Ox Tongue,Dairy,28,17.83
656,Butter Salted,CannedGoods,90,9.59
657,Pepper Red Thai,Dairy,35,13.93
658,Ham Cooked,Snacks,14,9.13
659,Fond Chocolate,Meat,96,5.12
660,Thyme Fresh,Vegetables,41,14.55
661,Cattail Hearts,Meat,57,19.86
662,Beef Ox Tongue Pickled,Fruits,92,14.82
663,General Purpose Trigger,Snacks,26,4.33
664,Syrup Kahlua Chocolate,PersonalCare,19,4.59
665,Pasta Lasagna Noodle Frozen,CannedGoods,32,2.56
666,Soup Campbells Italian Wedding,CannedGoods,78,18.44
667,Cheese Woolwich Goat Log,Dairy,39,1.25
668,Steel Wool S.o.s,CannedGoods,35,7.40
669,Veal Liver,Snacks,17,1.40
670,Asparagus Mexican,Dairy,77,4.30
671,Wine Riesling Dr. Pauly,Vegetables,76,4.97
672,Foam Cup 6 Oz,PersonalCare,1,18.23
673,Cod Fillets,PersonalCare,99,2.85
674,Cheese La Sauvagine,Fruits,93,15.58
675,Bread Base Gold Formel,FrozenFoods,42,14.97
676,Vinegar White Wine,Fruits,25,2.21
677,Canadian Emmenthal,Fruits,61,11.01
678,Sunflower Seed Raw,FrozenFoods,51,9.51
679,Corn Mini,FrozenFoods,29,16.70
680,Juice Tomato 48 Oz,Meat,72,7.11
681,Aspic Light,CannedGoods,60,16.80
682,Tarragon Fresh,CannedGoods,43,13.74
683,Sherry Dry,Vegetables,27,7.50
684,Bread Crusty Italian Poly,Meat,93,12.97
685,Ginger Ground,Dairy,23,13.20
686,Bagelers Cinn / Brown,CannedGoods,22,3.54
687,Beef Kindney Whole,Dairy,68,12.13
688,Iced Tea Lemon 460 Ml,Beverages,12,10.44
689,Lettuce Boston Bib Organic,CannedGoods,53,19.26
690,Nestea Iced Tea,Bakery,50,8.56
691,Relish,Dairy,84,5.69
692,Ocean Spray Ruby Red,Vegetables,2,2.36
693,Nut Hazelnut Ground Natural,PersonalCare,20,2.36
694,Grand Marnier,PersonalCare,47,19.77
695,Muffin Mix Carrot,Fruits,99,19.20
696,Water Evian 355 Ml,FrozenFoods,26,8.14
697,Roe White Fish,PersonalCare,18,12.20
698,Vanilla Beans,CannedGoods,69,5.37
699,Juice Lagoon Mango,Bakery,80,8.84
700,Thyme Fresh,Bakery,40,18.15
701,Table Cloth 62x114 White,Beverages,14,15.01
702,Nut Peanut Roasted,CannedGoods,14,11.60
703,Wine Blue Nun Qualitatswein,PersonalCare,77,15.48
704,Lobster Tail 6 Oz,FrozenFoods,8,10.92
705,Skewers Bamboo,FrozenFoods,19,12.58
706,Carbonated Water Peach,Beverages,50,6.22
707,Danishes Mini Cheese,Fruits,7,18.46
708,Pork Side Ribs,CannedGoods,94,14.46
709,Mudslide,CannedGoods,70,9.30
710,Arctic Char Fresh Whole,Dairy,97,9.77
711,Cookies Oreo 4 Pack,Snacks,35,9.97
712,Puff Pastry Sheets,PersonalCare,65,4.35
713,Ecolab Solid Fusion,Fruits,19,13.12
714,Baking Soda,Bakery,3,10.37
715,Water Aquafina Vitamin,Vegetables,26,10.69
716,Soda Water Club Soda 355 Ml,Dairy,17,14.49
717,Kiwi,Vegetables,42,7.77
718,White Fish Filets,Fruits,91,13.37
719,Turkey Breast Boneless Sk On,FrozenFoods,47,5.08
720,Tomato Peeled Italian Canned,Bakery,37,5.07
721,Cup Translucent 7 Oz Clear,Snacks,95,2.03
722,Soup Campbells Creamy,Dairy,2,3.20
723,Pepsi Diet 355 Ml,Dairy,94,3.29
724,Rhubarb,Snacks,3,5.56
725,Red Snapper Fillet Skin On,Snacks,32,15.30
726,Flower Daisies,FrozenFoods,24,18.36
727,Nut Almond Blanched Whole,PersonalCare,38,13.20
728,Turkey Breast Double,FrozenFoods,31,3.74
729,Hog / Sausage Casing Pork,FrozenFoods,69,19.05
730,Split Peas Green Dry,Beverages,90,18.82
731,Pepsi 600ml,CannedGoods,55,8.47
732,Pasta Cannelloni Sheets Fresh,Vegetables,44,13.98
733,Syrup Monin Blue Curacao,Vegetables,44,15.23
734,Syrup Monin Amaretta,PersonalCare,46,7.16
735,Wine Fat Bastard Merlot,FrozenFoods,51,15.74
736,Sprouts Dikon,Meat,75,11.21
737,Truffle Cups Brown,CannedGoods,52,17.71
738,Beef Flat Iron Steak,Snacks,18,12.25
739,Bread Bagels Plain,FrozenFoods,47,11.05
740,Zucchini Mini Green,CannedGoods,56,4.42
741,Wine German Riesling,Snacks,27,14.49
742,Samosa Veg,Vegetables,72,10.11
743,Magnotta Bel Paese White,Vegetables,92,3.66
744,Bread Crumbs Japanese Style,Dairy,74,18.40
745,Beer Sleemans Cream Ale,Fruits,8,5.83
746,Mushroom Morel Frozen,Bakery,15,17.20
747,Juice Apple 500 Ml,Vegetables,8,12.30
748,Vermouth White Cinzano,Dairy,73,14.48
749,Pail 4l White With Handle,CannedGoods,18,6.40
750,Veal Slab Bacon,Snacks,15,7.86
751,Olives Kalamata,CannedGoods,58,19.44
752,Bread Base Goodhearth,Vegetables,72,1.26
753,Alize Gold Passion,Fruits,24,13.56
754,Tabasco Sauce 2 Oz,Vegetables,28,4.62
755,Tart Butter Plain Squares,Snacks,100,8.28
756,Soap Pine Sol Floor Cleaner,CannedGoods,69,4.46
757,Pepper Cubanelle,Meat,40,4.66
758,Tequila Rose Cream Liquor,CannedGoods,67,14.66
759,Carrots Jumbo,PersonalCare,8,18.31
760,Longos Burritos,Meat,45,12.80
761,Snapple Mango Maddness,Snacks,67,11.38
762,Plasticforkblack,Vegetables,76,15.97
763,Flavouring Vanilla Artificial,CannedGoods,36,9.70
764,Wine Red Gallo Merlot,Snacks,36,10.83
765,Chinese Foods Plain Fried Rice,Meat,55,8.71
766,Crab Claws Snow 16 24,Meat,71,2.33
767,Sugar Cubes,Dairy,98,7.41
768,Red Pepper Paste,Beverages,22,8.68
769,Onions Dried Chopped,Fruits,21,4.96
770,Bar Bran Honey Nut,Beverages,95,15.47
771,Tamarind Paste,Snacks,83,1.87
772,Energy Drink Red Bull,Snacks,43,13.49
773,Salmon Atl.whole 8 10 Lb,CannedGoods,58,19.87
774,Chicken Thigh Bone In,Beverages,6,2.23
775,Southern Comfort,Beverages,36,12.34
776,Lettuce Curly Endive,CannedGoods,19,13.56
777,General Purpose Trigger,Fruits,2,10.51
778,Bread Focaccia Quarter,Dairy,96,11.63
779,Watercress,FrozenFoods,96,7.59
780,Beer Maudite,Snacks,14,15.67
781,Napkin Dinner White,Snacks,15,12.86
782,Soup Campbells Tomato,Beverages,99,18.19
783,Sauce Soy Low Sodium 3.87l,Bakery,35,11.68
784,Longos Greek Salad,Snacks,52,18.16
785,Bread Raisin Walnut Oval,Vegetables,100,17.08
786,Lighter Bbq,Vegetables,23,13.82
787,Lidsoupcont Rp12dn,Dairy,27,3.15
788,Durian Fruit,Bakery,100,13.43
789,Flour Fast / Rapid,Fruits,16,10.03
790,Eggplant Regular,FrozenFoods,31,17.76
791,Sponge Cake Mix Chocolate,CannedGoods,83,4.57
792,Towel Roll White,PersonalCare,14,16.66
793,The Pop Shoppe Black Cherry,Bakery,42,8.71
794,Cheese Sheep Milk,Meat,20,9.30
795,Sachet,Dairy,42,18.34
796,Juice Happy Planet,Beverages,17,15.18
797,Juice Grape White,PersonalCare,65,1.64
798,Glass Clear 7 Oz Xl,FrozenFoods,6,5.96
799,Bread Foccacia Whole,Vegetables,71,7.53
800,Wine White Cooking,Beverages,47,4.19
801,Bread Dark Rye Loaf,Snacks,41,17.82
802,Lotus Root,Fruits,33,13.12
803,Flavouring Orange,Fruits,58,14.47
804,Sugar Invert,Dairy,86,14.89
805,Wine White Riesling Henry Of,PersonalCare,47,16.61
806,Iced Tea Lemon 460 Ml,Dairy,30,18.74
807,Juice Orange Concentrate,Dairy,59,8.26
808,Flower Commercial Spider,Snacks,33,16.23
809,Bread Base Gold Formel,Beverages,75,12.04
810,Veal Shank Pieces,FrozenFoods,97,6.89
811,Rambutan,Vegetables,2,12.68
812,Fish Base Bouillion,Dairy,55,14.58
813,Sausage Andouille,Fruits,98,8.32
814,Mustard Pommery,Snacks,71,5.56
815,Yeast Dry Fermipan,Vegetables,87,13.08
816,Wine Chardonnay Mondavi,FrozenFoods,77,6.94
817,Rum Mount Gay Eclipes,Bakery,97,17.85
818,Syrup Chocolate,Bakery,83,3.34
819,Grenadillo,Dairy,18,16.67
820,Tomato Paste,Bakery,65,14.62
821,Corn Syrup,PersonalCare,63,1.51
822,Garlic,Meat,40,17.15
823,Banana Turning,Dairy,51,18.77
824,Wine Niagara Peninsula Vqa,CannedGoods,23,19.24
825,Squash Butternut,PersonalCare,5,6.40
826,Towels Paper / Kraft,FrozenFoods,54,8.53
827,Wine Charddonnay Errazuriz,Dairy,51,8.86
828,Soup Canadian Pea Dry Mix,Fruits,91,19.73
829,Dc Frozen Momji,Bakery,62,7.34
830,Pepper Chilli Seeds Mild,Snacks,45,3.80
831,Lamb Whole Fresh,PersonalCare,3,5.11
832,Foam Espresso Cup Plain White,Vegetables,34,1.17
833,Filter Coffee,FrozenFoods,38,12.26
834,Wine Sogrape Mateus Rose,PersonalCare,56,18.77
835,Yams,Bakery,67,9.13
836,Syrup Kahlua Chocolate,Dairy,4,10.01
837,Flower Carnations,PersonalCare,11,12.47
838,Coffee 10oz Cup 92961,Bakery,62,7.67
839,Bread Sour Batard,PersonalCare,76,19.58
840,Eel Smoked,Beverages,32,9.13
841,Plate Foam Bread And Butter,Vegetables,57,8.28
842,Tomatoes Orange,Snacks,41,4.03
843,Ham Proscuitto,Vegetables,42,11.32
844,Mix Cappucino Cocktail,Meat,13,14.98
845,Marjoram Dried Rubbed,Vegetables,58,2.01
846,Muffin Hinge Container 6,FrozenFoods,4,5.59
847,Cassis,Bakery,93,13.08
848,Carbonated Water Raspberry,Snacks,71,5.88
849,Langers Mango Nectar,Dairy,39,12.06
850,Mix Cocktail Strawberry Daiquiri,Beverages,7,11.74
851,Coffee Frthy Coffee Crisp,PersonalCare,10,10.76
852,Bar Nature Valley,Vegetables,15,16.84
853,Longos Assorted Sandwich,Fruits,78,16.04
854,Shrimp Dried Small / Lb,Beverages,19,13.10
855,Artichokes Knobless White,Fruits,49,1.75
856,Shrimp Black Tiger 26/30,Snacks,95,19.48
857,Table Cloth 54x72 Colour,Meat,83,16.68
858,Turnip White,FrozenFoods,94,9.24
859,Appetizer Seafood Assortment,Vegetables,6,5.80
860,Table Cloth 54x54 White,FrozenFoods,40,2.06
861,Chips Miss Vickies,Beverages,95,12.01
862,Cheese Swiss,FrozenFoods,30,5.12
863,Tea Decaf Lipton,Fruits,17,15.24
864,Red Currant Jelly,Meat,52,9.79
865,Lid Tray 16in Dome,Dairy,17,17.55
866,Versatainer Nc 888,Meat,43,19.40
867,Apple Granny Smith,Dairy,34,8.98
868,Scallops 60/80 Iqf,Dairy,33,6.33
869,Eggwhite Frozen,CannedGoods,86,13.55
870,Wine Cave Springs Dry Riesling,Beverages,78,12.42
871,Pears Bartlett,Vegetables,53,5.80
872,Pork Ham Hocks Smoked,Dairy,74,9.56
873,Wine Red Pinot Noir Chateau,Fruits,21,16.26
874,Shrimp 21/25 Peel And Deviened,PersonalCare,15,1.76
875,Creme De Cacao White,Meat,23,19.33
876,Icecream Dibs,PersonalCare,96,18.60
877,Flour Bran Red,CannedGoods,11,15.83
878,Rosemary Fresh,Vegetables,98,5.63
879,Trout Smoked,Beverages,69,8.96
880,Veal Tenderloin Untrimmed,Vegetables,94,16.98
881,English Muffin,Snacks,97,6.72
882,Vinegar Cider,CannedGoods,98,1.01
883,Truffle Cups White Paper,PersonalCare,52,1.33
884,Beer Corona,Fruits,38,5.13
885,Ecolab Balanced Fusion,FrozenFoods,5,15.96
886,Avocado,Snacks,92,15.37
887,Raspberries Fresh,FrozenFoods,72,14.14
888,Apple Granny Smith,Vegetables,23,1.93
889,Nut Pine Nuts Whole,FrozenFoods,51,11.84
890,Cake Sheet Strawberry,Fruits,16,1.03
891,Glove Cutting,CannedGoods,20,4.51
892,Sugar Invert,Vegetables,82,1.21
893,Compound Rum,PersonalCare,18,8.80
894,Pasta Rotini Dry,Bakery,54,9.74
895,Mushroom Enoki Fresh,Bakery,60,18.64
896,Pork Backfat,CannedGoods,56,5.60
897,Wine Trimbach Pinot Blanc,Beverages,31,17.49
898,Squeeze Bottle,Dairy,6,17.61
899,Coffee Decaf Colombian,PersonalCare,7,1.07
900,Cookie Dough Variety,FrozenFoods,61,11.75
901,Sausage Blood Pudding,Fruits,55,5.51
902,Bag Clear 10 Lb,Beverages,76,14.92
903,Soupfoamcont12oz 112con,Dairy,85,10.34
904,Raspberries Fresh,FrozenFoods,100,11.02
905,Split Peas Green Dry,CannedGoods,92,19.36
906,Carrots Mini Stem On,Bakery,13,10.18
907,Steel Wool,Snacks,94,10.74
908,Lemons,Meat,32,15.87
909,Oil Avocado,Snacks,26,12.06
910,Lamb Shanks,Snacks,23,13.14
911,Flour Dark Rye,Bakery,86,3.07
912,Table Cloth 81x81 White,PersonalCare,64,6.39
913,Pastry Chocolate Marble Tea,Dairy,13,16.14
914,Veal Slab Bacon,Snacks,81,13.73
915,Towel Roll White,Bakery,42,18.90
916,Eggwhite Frozen,Snacks,21,4.97
917,Nut Hazelnut Ground Natural,Meat,24,17.05
918,Campari,PersonalCare,66,13.61
919,Corn Meal,Dairy,35,4.22
920,Dill Primerba Paste,Meat,85,3.51
921,Sobe Berry Energy,PersonalCare,18,14.56
922,Pork Caul Fat,Meat,7,8.12
923,Oats Large Flake,Beverages,98,6.76
924,Scallops U 10,Dairy,15,13.10
925,Puree Raspberry,Bakery,94,4.31
926,Butcher Twine 4r,Snacks,78,17.24
927,Sauce Mint,Meat,73,7.39
928,Rambutan,PersonalCare,30,6.88
929,Walkers Special Old Whiskey,Dairy,43,2.62
930,White Baguette,Bakery,94,18.19
931,Butter Sweet,PersonalCare,47,8.71
932,Bread Pita,Beverages,67,14.96
933,Tart Shells Sweet 4,Beverages,35,6.18
934,Shallots,PersonalCare,90,10.49
935,Flower Commercial Spider,Dairy,40,10.60
936,Flower Potmums,Fruits,5,2.89
937,Wine Shiraz South Eastern,Meat,66,13.61
938,Island Oasis Wildberry,Dairy,13,6.60
939,Okra,Dairy,41,5.11
940,Sauce Bernaise Mix,Meat,7,11.73
941,V8 Vegetable Cocktail,Bakery,17,16.43
942,Vodka Lemon Absolut,CannedGoods,75,14.39
943,Pasta Fusili Tri Coloured,Beverages,45,16.55
944,Onions Dried Chopped,Bakery,55,4.79
945,Lid Coffeecup 12oz D9542b,PersonalCare,47,14.15
946,Cups 10oz Trans,Snacks,32,16.87
947,Beef Top Butt,PersonalCare,32,7.15
948,Phyllo Dough,FrozenFoods,60,4.90
949,Table Cloth 62x114 White,CannedGoods,23,10.17
950,Scrubbie Scotchbrite Hand Pad,Beverages,50,17.50
951,Soup French Onion,Vegetables,46,13.05
952,Tea Peppermint,Vegetables,38,19.46
953,Shrimp 16/20 Iqf Shell On,Fruits,18,7.36
954,Venison Denver Leg Boneless,Beverages,29,19.22
955,Sprouts Corn,CannedGoods,8,18.98
956,Asparagus White Fresh,Fruits,89,15.06
957,Soup Cream Of Broccoli Dry,Bakery,29,6.17
958,Nut Pine Nuts Whole,FrozenFoods,7,12.56
959,Puree Guava,Dairy,13,17.41
960,Basil Fresh,Vegetables,91,2.69
961,Soup Knorr Classic Can. Chili,Vegetables,56,2.55
962,Wine Beringer Founders Estate,FrozenFoods,59,11.28
963,Green Scrubbie Pad H.duty,Snacks,58,12.25
964,Sauce Hollandaise,CannedGoods,29,4.01
965,Beef Cooked Corned,FrozenFoods,46,13.88
966,Dried Figs,Dairy,54,1.51
967,Cookies Englishbay Wht,Meat,23,15.45
968,Cookies Oatmeal Raisin,Vegetables,57,13.18
969,Russian Prince,PersonalCare,77,1.53
970,Sausage Liver,Bakery,33,17.05
971,Chicken Breast Wing On,Meat,1,18.22
972,Bread Pullman Sliced,PersonalCare,17,17.97
973,Quail Jumbo,Snacks,100,14.84
974,Oil Peanut,Meat,96,3.80
975,Beans Soya Bean,Bakery,77,17.70
976,Sausage Blood Pudding,Bakery,36,13.11
977,Soup Cream Of Potato / Leek,Snacks,3,14.12
978,Apples Sliced / Wedge,Bakery,81,3.36
979,Savory,Snacks,39,1.30
980,Kumquat,Beverages,75,5.94
981,Ecolab Power Fusion,PersonalCare,29,12.87
982,Butter Pod,Fruits,10,10.39
983,Kirsch Schloss,Snacks,28,13.27
984,Lamb Tenderloin Nz Fr,Fruits,90,9.17
985,Meldea Green Tea Liquor,Beverages,35,17.20
986,Coffee Frthy Coffee Crisp,Beverages,99,8.40
987,Wine Riesling Alsace Ac 2001,Vegetables,50,1.85
988,Shrimp 16 20 Cooked Peeled,Beverages,46,5.10
989,Beef Dry Aged Tenderloin Aaa,Snacks,97,4.14
990,Butcher Twine 4r,Dairy,89,5.41
991,Towel Multifold,FrozenFoods,79,5.89
992,Tilapia Fillets,Snacks,95,2.88
993,Sword Pick Asst,Bakery,36,8.72
994,Chilli Paste Sambal Oelek,Snacks,48,18.92
995,Fennel,Bakery,95,14.69
996,Juice Lime,Beverages,83,13.52
997,Pasta Lasagna Noodle Frozen,Vegetables,90,8.53
998,Blouse / Shirt / Sweater,CannedGoods,12,6.73
999,Rice Pilaf Dry package,PersonalCare,74,15.51
1000,Beef Diced,Fruits,59,8.40
1001,Wine Placido Pinot Grigo,Bakery,1,14.67
1002,Pork Kidney,Dairy,2,19.89
1003,Longos Lasagna Veg,Vegetables,3,18.89
1004,Rice Long Grain,Beverages,4,18.07
1005,Bonito Flakes Toku Katsuo,PersonalCare,5,2.40
1006,Wine Savigny Les Beaune,FrozenFoods,6,17.80
1007,Bols Melon Liqueur,Vegetables,7,9.28
1008,Versatainer Nc 888,Beverages,8,14.46
1009,Cheese Taleggio D.o.p.,Meat,9,9.23
1010,Wine Prosecco Valdobienne,PersonalCare,10,4.94
1011,Coriander Ground,Fruits,11,3.49
1012,Chips Assorted,Fruits,12,14.77
1013,Orange Canned Mandarin,PersonalCare,13,4.53
1014,Tea Leaves Oolong,Dairy,14,5.27
1015,Wine Red Concha Y Toro,FrozenFoods,15,13.96
1016,Tomato Puree,Fruits,16,7.77
1017,Broom And Broom Rack White,PersonalCare,17,1.84
1018,Juice Clamato 341 Ml,Vegetables,18,16.25
1019,Food Colouring Red,FrozenFoods,19,10.52
1020,Chocolate Eclairs,CannedGoods,20,7.25
1021,Coffee Frthy Coffee Crisp,Dairy,21,13.01
1022,Meldea Green Tea Liquor,Snacks,22,13.01
1023,Soda Water Club Soda 355 Ml,Meat,23,12.96
1024,Bread Base Toscano,PersonalCare,24,2.77
1025,Seedlings Buckwheat Organic,Dairy,25,3.32
1026,Saskatoon Berries Frozen,Vegetables,26,13.17
1027,Wine Guy Sage Touraine,Dairy,27,3.92
1028,Cleaner Comet,Dairy,28,8.14
1029,Cheese Pied De Vents,CannedGoods,29,13.75
1030,Oil Cooking Spray,Bakery,30,19.97
1031,Bread Multigrain,Fruits,31,9.29
1032,Energy Boo Koo,PersonalCare,32,13.88
1033,Shrimp Tiger 21/25,Vegetables,33,3.15
1034,Pastry Choclate Baked,Bakery,34,10.72
1035,Wine Guy Sage Touraine,PersonalCare,35,7.07
1036,Beef Kobe Striploin,Beverages,36,9.45
1037,Crawfish,Vegetables,37,4.91
1038,Sauce Bernaise Mix,Bakery,38,6.60
1039,Chinese Foods Cantonese,Beverages,39,2.66
1040,Quail Whole Bone In,CannedGoods,40,8.33
1041,Onions Granulated,PersonalCare,41,1.38
1042,Pasta Detalini White Fresh,Fruits,42,16.23
1043,Wine Mas Chicet Rose Vintage,Snacks,43,19.85
1044,Quail Jumbo Boneless,FrozenFoods,44,15.95
1045,Chinese Lemon Pork,Snacks,45,12.48
1046,Bar Special K,PersonalCare,46,14.24
1047,Anisette Mcguiness,Meat,47,13.58
1048,Beef Top Sirloin,Vegetables,48,19.48
1049,Bagel Sesame Seed Presliced,CannedGoods,49,1.18
1050,Sauce Ranch Dressing,CannedGoods,50,17.60
1051,Chips Doritos,Fruits,51,18.88
1052,Wine White French Cross,Vegetables,52,15.68
1053,Sauce Demi Glace,Meat,53,18.71
1054,Ice Cream Bar Hagen Daz,Beverages,54,15.32
1055,Lamb Bones,PersonalCare,55,11.64
1056,Beer Sleemans Cream Ale,PersonalCare,56,19.53
1057,Shrimp Baby Cold Water,Meat,57,19.12
1058,Bouillion Fish,Vegetables,58,7.81
1059,Cups 10oz Trans,PersonalCare,59,13.30
1060,Wine Clavet Saint Emilion,FrozenFoods,60,14.46
1061,Sea Bass Whole,Dairy,61,15.88
1062,Waffle Stix,PersonalCare,62,15.86
1063,Tea Decaf 1 Cup,Beverages,63,3.01
1064,Bandage Flexible Neon,Meat,64,5.04
1065,Coffee Hazelnut Cream,Meat,65,1.27
1066,Stock Chicken White,PersonalCare,66,11.37
1067,Silicone Paper 16.5x24,Fruits,67,4.65
1068,Chocolate Bar Oh Henry,Snacks,68,13.38
1069,Ham Virginia,Meat,69,9.72
1070,Appetizer Lobster Phyllo Roll,PersonalCare,70,5.16
1071,Cheese Cheddar With Claret,PersonalCare,71,1.68
1072,Anchovy In Oil,Vegetables,72,13.83
1073,Cheese Asiago,Meat,73,4.20
1074,Sauce Roasted Red Pepper,Vegetables,74,2.14
1075,Berry Brulee,Meat,75,1.86
1076,Beans Black Bean Canned,Bakery,76,6.38
1077,Venison Striploin,Snacks,77,9.75
1078,Fennel,PersonalCare,78,17.14
1079,Liqueur Banana Ramazzotti,FrozenFoods,79,16.48
1080,Carbonated Water Blackcherry,PersonalCare,80,6.82
1081,Mushroom Chanterelle Frozen,FrozenFoods,81,18.51
1082,Bread White Epi Baguette,Dairy,82,19.09
1083,Melon Honey Dew,Vegetables,83,7.16
1084,Veal Striploin,PersonalCare,84,3.92
1085,Wine Red Black Opal Shiraz,Bakery,85,5.31
1086,Pepper Black Whole,CannedGoods,86,17.55
1087,Chicken Leg Boneless,Beverages,87,12.29
1088,Initation Crab Meat,FrozenFoods,88,1.81
1089,Island Oasis Strawberry,Vegetables,89,6.69
1090,Parasol Pick Stir Stick,Bakery,90,2.86
1091,Beer Steamwhistle,FrozenFoods,91,9.79
1092,Couscous,Dairy,92,10.91
1093,Nectarines,Snacks,93,1.12
1094,Lettuce Spring Mix,Meat,94,14.51
1095,Beer Upper Canada Light,Bakery,95,15.22
1096,Cheese Gouda,FrozenFoods,96,17.86
1097,Steampan Half Size Shallow,Meat,97,6.58
1098,Stock Beef Brown,PersonalCare,98,16.76
1099,Pasta Penne Lisce Dry,Vegetables,99,10.74
1100,Kolrabi,Fruits,100,4.38
1101,Vinegar Balsamic White,Snacks,101,19.76
1102,Oil Hazelnut,Snacks,102,4.16
1103,Turkey Oven Roast Breast,Fruits,103,8.36
1104,Crush Cream Soda,CannedGoods,104,3.96
1105,Tuna Yellowfin,Dairy,105,18.62
1106,Silicone Parch. 16.3x24.3,CannedGoods,106,17.48
1107,Sauce Plum,Snacks,107,2.45
1108,Crab Claws 26 30,Dairy,108,5.49
1109,Wine Fume Blanc Fetzer,Snacks,109,18.76
1110,Muffin Mix Bran And Maple 15l,Fruits,110,18.65
1111,Ecolab Balanced Fusion,CannedGoods,111,3.49
1112,Lambcasing,FrozenFoods,112,9.32
1113,Cheese Cheddar Processed,Dairy,113,11.36
1114,Leeks Large,Dairy,114,7.86
1115,Beef Bones Marrow,Meat,115,10.39
1116,Crab Back Fin Meat Canned,Snacks,116,2.54
1117,Beef Top Sirloin Aaa,FrozenFoods,117,13.92
1118,Truffle Cups Red,Meat,118,16.30
1119,Wine Kwv Chenin Blanc South,Bakery,119,6.85
1120,Squash Sunburst,Dairy,120,19.18
1121,Pepper Green,FrozenFoods,121,10.88
1122,Steel Wool,PersonalCare,122,10.48
1123,Wine White Cab Sauv.on,Vegetables,123,11.52
1124,Juice Clamato 341 Ml,Vegetables,124,9.23
1125,Bread Country Roll,Vegetables,125,19.75
1126,Pasta Orzo Dry,Meat,126,5.15
1127,Pork Caul Fat,Snacks,127,10.27
1128,Oil Margarine,Beverages,128,9.76
1129,Wine Magnotta Pinot Gris Sr,Meat,129,17.73
1130,Pastrami,Beverages,130,4.39
1131,Cheese Fontina,FrozenFoods,131,7.18
1132,Durian Fruit,Meat,132,4.07
1133,Muffin Carrot Individual,Bakery,133,14.49
1134,Tandoori Curry Paste,Vegetables,134,9.84
1135,Sour Puss Raspberry,Vegetables,135,13.91
1136,Sponge Cake Mix Vanilla,FrozenFoods,136,8.42
1137,Milk Chocolate 500ml,FrozenFoods,137,2.51
1138,Chocolate Mi Amere Semi,FrozenFoods,138,7.61
1139,Juice Tomato 48 Oz,Bakery,139,2.34
1140,Chervil Fresh,Vegetables,140,17.87
1141,Stock Beef Brown,PersonalCare,141,6.47
1142,Chinese Foods Chicken,FrozenFoods,142,6.73
1143,Squash Pepper,PersonalCare,143,4.90
1144,Pie Filling Apple,FrozenFoods,144,7.03
1145,Uniform Linen Charge,CannedGoods,145,17.60
1146,Fondant Icing,Beverages,146,8.53
1147,Salt Table,CannedGoods,147,3.90
1148,Bread Granary Small Pull,Dairy,148,15.71
1149,Melon Watermelon Seedless,Meat,149,16.57
1150,Cheese Cheddar Medium,Fruits,150,4.14
1151,Loquat,CannedGoods,151,1.96
1152,Olives Green Pitted,Snacks,152,1.19
1153,Onions Cooking,Bakery,153,14.85
1154,Wine Niagara vqa Reisling,Dairy,154,12.73
1155,Puree Guava,Beverages,155,8.27
1156,Syrup Kahlua Chocolate,Snacks,156,13.63
1157,Coffee Almond Amaretto,Bakery,157,19.01
1158,Bacardi Mojito,Dairy,158,6.71
1159,Sobe Tropical Energy,Vegetables,159,5.47
1160,Plaintain,CannedGoods,160,11.99
1161,Cheese Cheddar Old White,Beverages,161,11.40
1162,Tahini Paste,Beverages,162,19.12
1163,Wine Red Cooking,PersonalCare,163,8.53
1164,Crab Blue Frozen,Beverages,164,4.46
1165,Wine Blue Nun Qualitatswein,Dairy,165,4.96
1166,Banana,Meat,166,15.38
1167,Shrimp Black Tiger 6 8,Bakery,167,2.24
1168,Flavouring Orange,Bakery,168,5.26
1169,Pasta Lasagna Dry,Dairy,169,7.04
1170,Jagermeister,CannedGoods,170,4.92
1171,Pail For Lid 1537,Bakery,171,16.71
1172,Towel Multifold,Fruits,172,12.14
1173,Cheese Gouda,Dairy,173,16.34
1174,Cheese Montery Jack,Bakery,174,14.66
1175,Lamb Leg Boneless,Vegetables,175,13.34
1176,Goulash Seasoning,Bakery,176,2.56
1177,Fennel,Fruits,177,19.88
1178,Lid Tray 12in Dome,Dairy,178,15.54
1179,Flower Daisies,Fruits,179,5.30
1180,Glaze Clear,Snacks,180,7.88
1181,Onions Spanish,Snacks,181,6.57
1182,Bread Sour Batard,Meat,182,13.88
1183,Kolrabi,Beverages,183,16.20
1184,Lettuce Iceberg,Beverages,184,18.46
1185,Appetizer Sausage Rolls,Dairy,185,1.39
1186,Mustard Dry Powder,Fruits,186,8.79
1187,Broccoli Fresh,Dairy,187,13.02
1188,Sugar Fine,PersonalCare,188,12.06
1189,Beef Roasted Cooked,CannedGoods,189,7.71
1190,Lid Coffeecup 12oz D9542b,Bakery,190,7.07
1191,Beer Camerons Cream Ale,Vegetables,191,13.96
1192,Soup Knorr Chicken Noodle,Fruits,192,8.40
1193,Ranchero Primerba Paste,FrozenFoods,193,3.00
1194,Cheese Shred Cheddar / Mozza,Bakery,194,15.63
1195,Mushrooms Black Dried,Vegetables,195,7.56
1196,Mix Cappucino Cocktail,Bakery,196,9.56
1197,Beef Kindney Whole,Dairy,197,7.46
1198,Wine Niagara Peninsula Vqa,FrozenFoods,198,8.33
1199,Longos Grilled Chicken With,PersonalCare,199,7.14
1200,Lid Tray 16in Dome,Bakery,200,9.37
1201,Bagelers,Dairy,201,3.75
1202,Bread Flat Bread,Snacks,202,5.50
1203,Salt Sea,Vegetables,203,12.50
1204,Mini Vol Au Vents,CannedGoods,204,5.62
1205,Rappini Andy Boy,Snacks,205,12.80
1206,Bread Sour Batard,FrozenFoods,206,17.36
1207,Bread Corn Muffaleta Onion,Dairy,207,13.73
1208,Artichoke Fresh,CannedGoods,208,8.26
1209,Lamb Racks Frenched,CannedGoods,209,9.55
1210,Veal Brisket Provimi bnls,PersonalCare,210,5.52
1211,Bowl 12 Oz Showcase 92012,Meat,211,11.01
1212,Soup Campbells Tomato Ravioli,Bakery,212,11.93
1213,Wine Red Metus Rose,Vegetables,213,5.77
1214,Sea Bass Whole,Meat,214,15.29
1215,Crab Imitation Flakes,FrozenFoods,215,15.92
1216,Horseradish Prepared,Snacks,216,14.29
1217,Pepper Red Chili,CannedGoods,217,18.63
1218,Wine Champagne Brut Veuve,FrozenFoods,218,2.56
1219,Oats Large Flake,CannedGoods,219,6.65
1220,Dooleys Toffee,Snacks,220,13.94
1221,Gatorade Fruit Punch,Beverages,221,9.79
1222,Coke Diet 355 Ml,CannedGoods,222,16.77
1223,Seabream Whole Farmed,Vegetables,223,16.79
1224,Spice Chili Powder Mexican,Bakery,224,6.71
1225,Quail Jumbo Boneless,Meat,225,6.78
1226,Pepper Red Chili,Fruits,226,14.24
1227,Beef Flat Iron Steak,Dairy,227,8.91
1228,Rambutan,Snacks,228,7.13
1229,Fish Scallops Cold Smoked,Vegetables,229,7.46
1230,Pepper Squash,Snacks,230,15.67
1231,Chicken Giblets,Vegetables,231,3.05
1232,Pepper Gypsy Pepper,Fruits,232,9.05
1233,Nut Pistachio Shelled,Bakery,233,4.35
1234,Carbonated Water Lemon Lime,Dairy,234,6.37
1235,Bread Base Italian,Snacks,235,7.56
1236,Sauce Rosee,FrozenFoods,236,19.01
1237,Orange Roughy 6/8 Oz,Meat,237,10.84
1238,Cheese Brie,Vegetables,238,12.38
1239,Tart Butter Plain Squares,PersonalCare,239,9.01
1240,Wine Barossa Valley Estate,FrozenFoods,240,16.75
1241,Tart Shells Savory 4,CannedGoods,241,13.85
1242,Lettuce Sea / Sea Asparagus,Bakery,242,18.12
1243,Raspberries Frozen,Vegetables,243,14.05
1244,Corn Kernels Frozen,FrozenFoods,244,10.27
1245,Jam Marmalade Orange,Bakery,245,8.31
1246,Mahi Mahi,CannedGoods,246,7.04
1247,Rice Wild,Fruits,247,16.24
1248,Carbonated Water Blackcherry,CannedGoods,248,15.51
1249,Sprouts China Rose,Fruits,249,2.63
1250,Wine Sauvignon Blanc Oyster,Meat,250,7.06
1251,Blueberries,Meat,251,5.75
1252,Steamers White,Vegetables,252,6.31
1253,Bandage Fexible 1x3,Dairy,253,7.12
1254,Milk Chocolate 250 Ml,PersonalCare,254,9.95
1255,Wine White Pinot Grigio,FrozenFoods,255,5.67
1256,Fish Scallops Cold Smoked,Fruits,256,12.46
1257,Wine Vineland Estate Semi Dry,Meat,257,18.77
1258,Truffle Cups Red,Snacks,258,5.97
1259,Strawberries,Beverages,259,4.40
1260,Shrimp 16/20 Iqf Shell On,Dairy,260,10.36
1261,Scotch Queen Anne,Dairy,261,4.28
1262,Watercress,Bakery,262,1.71
1263,Ginger Pickled,Dairy,263,2.65
1264,Yogurt Assorted Pack,Dairy,264,15.76
1265,Wiberg Cure,FrozenFoods,265,6.49
1266,Chocolate Pistoles Lactee Milk,Dairy,266,17.48
1267,Wine Trimbach Pinot Blanc,Beverages,267,14.27
1268,Guava,Beverages,268,8.77
1269,Shiratamako Rice Flour,Meat,269,17.85
1270,Smoked Paprika,Dairy,270,2.06
1271,Kale Red,Meat,271,14.47
1272,Kellogs Raisan Bran Bars,Beverages,272,18.20
1273,Juice Lemon,Meat,273,17.93
1274,Herb Du Provence Primerba,FrozenFoods,274,13.43
1275,Red Cod Fillets 225g,Fruits,275,15.26
1276,Soupfoamcont12oz 112con,Meat,276,5.74
1277,Huck Towels White,Vegetables,277,6.18
1278,Doilies 8 Paper,Bakery,278,19.60
1279,Wine Ej Gallo Sierra Valley,Snacks,279,3.40
1280,Sambuca Cream,Vegetables,280,2.46
1281,Thyme Fresh,Fruits,281,12.57
1282,Juice Tomato 10 Oz,PersonalCare,282,13.98
1283,Longan,CannedGoods,283,12.50
1284,Bagelers Cinn / Brown Sugar,PersonalCare,284,5.82
1285,Wine Pinot Noir Mondavi Coastal,CannedGoods,285,19.89
1286,Sea Bass Fillets,FrozenFoods,286,8.36
1287,Pork Smoked Back Bacon,Fruits,287,16.90
1288,Lid High Heat Super Clear,FrozenFoods,288,1.18
1289,Lettuce Frisee,CannedGoods,289,7.95
1290,Melon Cantaloupe,Vegetables,290,15.29
1291,Wine Red Cooking,Meat,291,18.17
1292,Tuna Salad Premix,PersonalCare,292,19.79
1293,Heavy Duty Dust Pan,Dairy,293,13.25
1294,Cheese Parmigiano Reggiano,Fruits,294,18.25
1295,Appetizer Spring Roll Veg,Dairy,295,14.12
1296,Turkey Leg With Drum And Thigh,CannedGoods,296,14.24
1297,Beef Kobe Striploin,Fruits,297,19.03
1298,Apricots Halves,Fruits,298,16.17
1299,Kirsch Schloss,FrozenFoods,299,14.87
1300,Wine Prem Select Charddonany,PersonalCare,300,10.12
1301,Containter 3oz Microwave Rect.,Beverages,301,11.85
1302,Chevril,Vegetables,302,17.00
1303,Soup Campbells Lentil,Bakery,303,15.75
1304,Puree Passion Fruit,Fruits,304,9.19
1305,Eggplant Baby,Bakery,305,8.34
1306,Kellogs Special K Cereal,Beverages,306,8.04
1307,Chicken Thigh Bone In,PersonalCare,307,12.79
1308,Sugar Sweet N Low Individual,Dairy,308,1.16
1309,Garlic,CannedGoods,309,14.38
1310,Water Perrier,Vegetables,310,9.42
1311,Wine Lamancha Do Crianza,Snacks,311,2.13
1312,Spice Paprika,Beverages,312,6.76
1313,Beef Tenderloin Tails,Fruits,313,19.20
1314,Juice Orange,Snacks,314,7.97
1315,Sole Fillet,Vegetables,315,19.19
1316,Cleaner Bleach,Vegetables,316,3.45
1317,Pasta Shells Medium Dry,Bakery,317,18.46
1318,Chips Potato All Dressed 43g,Snacks,318,3.11
1319,Magnotta Bel Paese Red,Beverages,319,1.45
1320,Pork Suckling Pig,Fruits,320,3.87
1321,Dc Sakura Fu,Meat,321,18.18
1322,Olives Black Pitted,Meat,322,2.60
1323,Mushroom Porcini Dry,Snacks,323,1.15
1324,Fiddlehead Frozen,Dairy,324,4.66
1325,Gingerale Schweppes 355 Ml,Fruits,325,16.41
1326,Lime Cordial Roses,FrozenFoods,326,1.08
1327,Oysters Smoked,Bakery,327,14.35
1328,Peas Pigeon Dry,Dairy,328,16.17
1329,Wine Fat Bastard Merlot,Bakery,329,5.07
1330,Wasabi Paste,Snacks,330,16.06
1331,Soup Knorr Chili With Beans,Dairy,331,14.09
1332,Wine Red Harrow Estates Cab,Beverages,332,9.89
1333,Pepper Paprika Hungarian,CannedGoods,333,15.25
1334,Pepper White Ground,Fruits,334,13.00
1335,Water Tonic,Fruits,335,7.15
1336,Cookie Double Choco,Fruits,336,3.85
1337,Marzipan 50/50,Meat,337,2.48
1338,Soup French Onion Dry,PersonalCare,338,15.05
1339,Cheese Swiss,PersonalCare,339,17.01
1340,Red Snapper Fillet Skin On,Snacks,340,1.25
1341,Tomatoes Cherry,Fruits,341,13.15
1342,Sobe Lizard Fuel,Dairy,342,5.25
1343,Soup Campbells Cream Of,Meat,343,11.91
1344,Cheese Ricotta,Meat,344,5.48
1345,Pork Belly Fresh,Beverages,345,1.23
1346,Sauce Cranberry,Beverages,346,7.09
1347,Ezy Change Mophandle,Bakery,347,9.60
1348,Cookies Oatmeal Raisin,Dairy,348,5.92
1349,Wine White Pelee Island,Bakery,349,11.71
1350,Wine Red Oakridge Merlot,FrozenFoods,350,4.42
1351,Chutney Sauce Mango,CannedGoods,351,12.31
1352,Mussels Cultivated,Vegetables,352,7.42
1353,Soup French Onion Dry,Bakery,353,14.41
1354,Ham Proscuitto,Beverages,354,5.95
1355,Tomatoes Orange,Dairy,355,14.96
1356,Veal Knuckle,FrozenFoods,356,19.23
1357,Wine White Gewurtzraminer,Fruits,357,8.55
1358,Southern Comfort,FrozenFoods,358,12.81
1359,Flour Fast / Rapid,CannedGoods,359,16.14
1360,Beer Mill St Organic,CannedGoods,360,4.76
1361,Lamb Leg Diced,Bakery,361,6.41
1362,Bagel Everything Presliced,Vegetables,362,11.48
1363,Wine Cave Springs Dry Riesling,PersonalCare,363,5.60
1364,Fish Scallops Cold Smoked,Bakery,364,12.27
1365,Pineapple Golden,PersonalCare,365,3.42
1366,Lettuce Frisee,FrozenFoods,366,12.80
1367,Trueblue Blueberry 12x473ml,FrozenFoods,367,5.24
1368,Crush Grape 355 Ml,Snacks,368,16.95
1369,Chinese Foods Plain Fried Rice,Meat,369,19.72
1370,Sterno Chafing Dish Fuel,Beverages,370,5.02
1371,Wine Rosso Del Veronese Igt,Vegetables,371,14.84
1372,Yogurt Banana 175 Gr,Fruits,372,16.91
1373,Cheese Cheddarsliced,PersonalCare,373,9.95
1374,Chicken Ground,FrozenFoods,374,13.05
1375,Lettuce Green Leaf,FrozenFoods,375,16.20
1376,Nantucket Carrot Orange,Dairy,376,14.27
1377,Tuna Salad Premix,Bakery,377,16.89
1378,Appetizer Mango Chevre,Snacks,378,19.31
1379,Cookie Choc,CannedGoods,379,5.72
1380,Beef Outside Round,Bakery,380,14.19
1381,Wine Red Cabernet Merlot,CannedGoods,381,1.46
1382,Rice Aborio,Vegetables,382,19.43
1383,Beef Striploin Aa,FrozenFoods,383,12.34
1384,Ham Proscuitto,Fruits,384,13.30
1385,Pop Club Soda Can,Fruits,385,15.14
1386,Pasta Lasagna Dry,Meat,386,5.79
1387,V8 Splash Strawberry Banana,Vegetables,387,9.03
1388,Mikes Hard Lemonade,FrozenFoods,388,2.69
1389,Dried Cranberries,Beverages,389,19.98
1390,Wine Merlot Vina Carmen,CannedGoods,390,14.18
1391,Wiberg Super Cure,Vegetables,391,5.91
1392,Wine Segura Viudas Aria Brut,Snacks,392,12.86
1393,Muffin Mix Corn Harvest,CannedGoods,393,1.27
1394,Table Cloth 120 Round White,Snacks,394,15.23
1395,Straws Cocktale,Bakery,395,6.13
1396,Noodles Cellophane Thin,Vegetables,396,3.53
1397,Sprouts Dikon,Fruits,397,18.88
1398,Wine Malbec Trapiche Reserve,Beverages,398,17.10
1399,Pasta Agnolotti Butternut,Bakery,399,9.39
1400,Pastry Chocolate Marble Tea,Dairy,400,8.52
1401,Trout Rainbow Fresh,Fruits,401,1.96
1402,Island Oasis Wildberry,Vegetables,402,7.52
1403,Spoon Soup Plastic,Dairy,403,1.49
1404,Cheese Roquefort Pappillon,PersonalCare,404,13.81
1405,Lobster Baby Boiled,Bakery,405,12.62
1406,Pepper White Whole,FrozenFoods,406,14.41
1407,Mushroom Shitake Dry,Vegetables,407,5.93
1408,Onions Vidalia,Dairy,408,10.58
1409,Butter Ripple Phillips,Snacks,409,2.41
1410,Cake Circle Paprus,CannedGoods,410,16.62
1411,Garbage Bags Clear,CannedGoods,411,2.25
1412,Vinegar Sherry,Snacks,412,13.68
1413,Beer Sleemans Honey Brown,FrozenFoods,413,11.96
1414,Greens Mustard,Fruits,414,4.59
1415,Curry Powder,PersonalCare,415,16.03
1416,Lettuce California Mix,Vegetables,416,19.27
1417,Grapes Red,Meat,417,3.56
1418,Poppy Seed,Fruits,418,16.84
1419,Tomatoes Vine Ripe Yellow,Snacks,419,4.76
1420,Water Tap,Fruits,420,16.76
1421,Veal Striploin,Dairy,421,9.50
1422,Beef Ground Medium,PersonalCare,422,3.46
1423,Tia Maria,Bakery,423,7.28
1424,Soup Canadian Pea Dry Mix,Vegetables,424,7.60
1425,Island Oasis Mango Daiquiri,Fruits,425,1.36
1426,Beef Tenderloin Aaa,CannedGoods,426,3.25
1427,Bacardi Breezer Strawberry,Snacks,427,13.90
1428,Icecream Cone Areo Chocolate,Dairy,428,5.02
1429,Pork Backfat,Meat,429,8.50
1430,Evaporated Milk Skim,Dairy,430,1.10
1431,Pasta Shells Medium Dry,Vegetables,431,5.36
1432,Oyster In Shell,Fruits,432,10.91
1433,Vinegar Rice,Dairy,433,18.51
1434,Lid Coffee Cup 8oz Blk,Beverages,434,2.27
1435,Port 74 Brights,Dairy,435,12.22
1436,Sauce Bernaise Mix,Bakery,436,16.58
1437,Soup Campbells Beef Strogonoff,Beverages,437,7.61
1438,Pork Bacon Double Smoked,Snacks,438,2.58
1439,Jam Blackberry 20 Ml Jar,FrozenFoods,439,16.41
1440,Salmon Atlantic Skin On,Vegetables,440,9.19
1441,Ham Procutinni,Dairy,441,15.69
1442,Oysters Smoked,Beverages,442,7.59
1443,Filo Dough,Vegetables,443,11.47
1444,Beef Salted,Bakery,444,9.86
1445,Pastry French Mini Assorted,Bakery,445,8.00
1446,Pails With Lids,Beverages,446,4.51
1447,Tart Pecan Butter Squares,Snacks,447,16.40
1448,Sugar Icing,Bakery,448,5.84
1449,Container Clear 16 Oz,PersonalCare,449,17.07
1450,Rum Dark Bacardi Black,Vegetables,450,10.75
1451,Cheese Gorgonzola,PersonalCare,451,12.46
1452,Isomalt,Bakery,452,4.38
1453,Apple Macintosh,Beverages,453,5.32
1454,Noodles Steamed Chow Mein,Snacks,454,13.24
1455,Bread Corn Muffaleta Onion,CannedGoods,455,3.24
1456,Filling Mince Meat,Snacks,456,7.87
1457,Rum Spiced Captain Morgan,FrozenFoods,457,1.07
1458,Kiwano,Dairy,458,8.29
1459,Puree Pear,PersonalCare,459,6.68
1460,Soap Hand Soap,FrozenFoods,460,2.60
1461,Bread Onion Focaccia,PersonalCare,461,14.42
1462,Juice Apple 284ml,Dairy,462,5.18
1463,Beef Tender Tips,Vegetables,463,14.48
1464,Sole Iqf,Bakery,464,17.00
1465,Lamb Loin Chops,Vegetables,465,19.06
1466,Chocolate Unsweetened,Fruits,466,2.11
1467,Beans Fava Fresh,Meat,467,12.99
1468,Veal Striploin,Meat,468,11.52
1469,Cod Salted Boneless,FrozenFoods,469,14.66
1470,Pur Source,PersonalCare,470,18.74
1471,Sauce Chili,Fruits,471,11.24
1472,Cookies Englishbay Wht,PersonalCare,472,14.74
1473,Wine Acient Coast Caberne,Bakery,473,13.01
1474,Wine Beaujolais Villages,Fruits,474,12.28
1475,Papadam,FrozenFoods,475,8.74
1476,Mahi Mahi,PersonalCare,476,5.76
1477,Syrup Pancake,FrozenFoods,477,18.80
1478,Cookie Oreo 100x2,Beverages,478,3.51
1479,Vacuum Bags 12x16,Vegetables,479,3.70
1480,Bread Burger,Vegetables,480,19.84
1481,Peach Fresh,FrozenFoods,481,17.11
1482,Foil Cont Round,Dairy,482,17.14
1483,Mustard Dry Powder,PersonalCare,483,10.05
1484,Tomato Peeled Italian Canned,Snacks,484,5.81
1485,Soup Campbells Creamy,Dairy,485,16.30
1486,Nut Peanut Roasted,Beverages,486,9.66
1487,Veal Insides Provini,Beverages,487,12.39
1488,Bandage Fexible 1x3,Dairy,488,10.37
1489,Pastry Chocolate Chip Muffin,Bakery,489,18.45
1490,Pur Source,CannedGoods,490,13.18
1491,Banana Leaves,Snacks,491,19.60
1492,Mace Ground,Meat,492,13.93
1493,Oil Shortening All Purpose,Fruits,493,14.96
1494,Steampan Foil,FrozenFoods,494,9.73
1495,Shiratamako Rice Flour,Fruits,495,4.00
1496,Wine Red Gallo Merlot,Vegetables,496,9.50
1497,Sprouts Onion,Snacks,497,8.09
1498,Soup V8 Roasted Red Pepper,Dairy,498,4.26
1499,Cup 3.5oz Foam,Fruits,499,16.74
1500,Amaretto,Meat,500,12.24
1501,Cookies Oreo 4 Pack,Vegetables,501,15.68
1502,Wine Red Pinot Noir Chateau,Dairy,502,15.67
1503,Aspic Amber,Vegetables,503,4.30
1504,Avocado,Bakery,504,12.95
1505,Cranberries Frozen,Fruits,505,1.98
1506,Apricots Fresh,CannedGoods,506,18.23
1507,Puree Kiwi,Dairy,507,17.97
1508,Cheese Montery Jack,Bakery,508,7.34
1509,Nestea Ice Tea Diet,Bakery,509,10.82
1510,Flax Seed,PersonalCare,510,6.36
1511,Soup Knorr Chicken Noodle,FrozenFoods,511,8.99
1512,Table Cloth 62x120 White,Vegetables,512,6.28
1513,Chervil Fresh,CannedGoods,513,4.46
1514,Dates,Snacks,514,5.55
1515,Napkin Cocktail beige 2 Ply,Bakery,515,7.40
1516,Rabbit Whole,CannedGoods,516,1.10
1517,Grouper Fresh,PersonalCare,517,1.47
1518,Cheese Cheddar Old White,Meat,518,14.59
1519,Scallops 10/20,Vegetables,519,13.81
1520,Tarts Assorted,CannedGoods,520,2.15
1521,Soup French Can Pea,Bakery,521,13.45
1522,Flower Commercial Bronze,Snacks,522,3.69
1523,Wine White Schroder And Schyl,Dairy,523,13.43
1524,Kumquat,Fruits,524,3.84
1525,Chocolate Chips Compound,FrozenFoods,525,14.23
1526,Pail 15l White With Handle,Beverages,526,3.32
1527,Wine Beaujolais Villages,Meat,527,13.22
1528,Sour Cream,Bakery,528,5.44
1529,Beef Tongue Fresh,Vegetables,529,16.07
1530,Sauce White Mix,Fruits,530,8.21
1531,Huck White Towels,PersonalCare,531,16.00
1532,Creme De Menth White,Snacks,532,11.38
1533,Pear Prickly,FrozenFoods,533,12.60
1534,Pie Pecan,Bakery,534,10.90
1535,Ham Virginia,PersonalCare,535,5.70
1536,Cheese Oka,Dairy,536,4.04
1537,Browning Caramel Glace,Vegetables,537,9.91
1538,Cheese Bocconcini,Meat,538,10.03
1539,Cookie Choc,Snacks,539,16.51
1540,Pasta Tortellini Fresh,Snacks,540,6.31
1541,Sauce Salsa,Beverages,541,7.96
1542,Cafe Royale,Bakery,542,10.68
1543,Buffalo Striploin,CannedGoods,543,13.09
1544,Water Chestnut Canned,PersonalCare,544,6.59
1545,Beef Top Sirloin Aaa,Dairy,545,18.00
1546,Praline Paste,Meat,546,6.39
1547,Cucumber Pickling Ontario,Bakery,547,12.44
1548,Bandage Flexible Neon,Dairy,548,17.27
1549,Spice Chili Powder Mexican,Dairy,549,6.82
1550,Mushroom Morel Fresh,Vegetables,550,19.25
1551,Cheese Ricotta,Bakery,551,7.73
1552,Tortillas Flour 12,Bakery,552,9.39
1553,Beans Kidney Canned,Vegetables,553,19.62
1554,Stock Veal White,Beverages,554,13.65
1555,Cheese Brie Triple Creme,Fruits,555,1.65
1556,Appetizer Mini Egg Roll Shrimp,Dairy,556,11.80
1557,Pork Liver,Snacks,557,14.56
1558,Rice Jasmine Sented,FrozenFoods,558,12.02
1559,Wine Cabernet Sauvignon,Vegetables,559,9.51
1560,Bacardi Raspberry,Bakery,560,3.10
1561,Breakfast Quesadillas,Meat,561,14.34
1562,Vermacelli Sprinkles Assorted,CannedGoods,562,2.11
1563,Wine Magnotta Red Baco,Fruits,563,14.46
1564,Puree Passion Fruit,Snacks,564,9.34
1565,Bread Bistro Sour,Vegetables,565,4.48
1566,Rice Wine Aji Mirin,Fruits,566,5.11
1567,Cheese Goat,CannedGoods,567,8.39
1568,Rabbit Frozen,Fruits,568,3.14
1569,Food Colouring Green,Fruits,569,19.85
1570,Cheese Grie Des Champ,FrozenFoods,570,9.72
1571,Gherkin Sour,Fruits,571,9.89
1572,Loquat,Snacks,572,12.24
1573,Chicken Whole Fryers,Vegetables,573,2.38
1574,Pepper Squash,PersonalCare,574,10.94
1575,Wine Red Gallo Merlot,PersonalCare,575,11.19
1576,Appetizer Assorted Box,Meat,576,18.35
1577,Mushroom Enoki Dry,Vegetables,577,10.54
1578,Water Spring 1.5lit,Meat,578,8.58
1579,Tea Lemon Scented,Meat,579,10.70
1580,Flax Seed,Snacks,580,4.37
1581,Mop Head Cotton 24 Oz,Beverages,581,3.00
1582,Wine Riesling Dr. Pauly,CannedGoods,582,12.28
1583,Wine Vovray Sec Domaine Huet,Meat,583,6.33
1584,Napkin Beverage 1 Ply,CannedGoods,584,9.66
1585,Tea Vanilla Chai,Fruits,585,6.01
1586,Mushroom Crimini,Meat,586,15.38
1587,Sugar Icing,PersonalCare,587,18.26
1588,Pastry Carrot Muffin Mini,Beverages,588,6.47
1589,Mayonnaise Individual Pkg,Fruits,589,10.95
1590,Bread White Mini Epi,Fruits,590,6.53
1591,Soup Chicken And Wild Rice,Meat,591,17.09
1592,Wine Crozes Hermitage E.,CannedGoods,592,9.32
1593,Potatoes Fingerling 4 Oz,PersonalCare,593,17.76
1594,Chinese Lemon Pork,Bakery,594,1.30
1595,Steampan Lid,PersonalCare,595,4.49
1596,Chicken Livers,Meat,596,12.99
1597,Pork Bacon back Peameal,FrozenFoods,597,3.52
1598,Pastry Cherry Danish Mini,Snacks,598,4.18
1599,Bacardi Breezer Strawberry,Meat,599,1.57
1600,Longos Chicken Wings,Fruits,600,11.43
1601,Crab Meat,Meat,601,13.82
1602,Juice V8 Splash,Meat,602,18.52
1603,Cape Capensis Fillet,Beverages,603,1.10
1604,Squid U5 Thailand,Meat,604,8.57
1605,Appetizer Assorted Box,Meat,605,14.38
1606,Wine Red Mouton Cadet,PersonalCare,606,11.25
1607,Nut Pistachio Shelled,Dairy,607,11.32
1608,Pie Shell 5,PersonalCare,608,7.44
1609,Pasta Penne Lisce Dry,Dairy,609,9.42
1610,Rosemary Dry,Fruits,610,17.73
1611,Gatorade Xfactor Berry,Bakery,611,15.43
1612,Muffin Batt Blueberry Passion,Bakery,612,2.65
1613,Wine White Antinore Orvieto,Fruits,613,16.68
1614,Blouse / Shirt / Sweater,PersonalCare,614,13.65
1615,Vegetable Base,Snacks,615,12.93
1616,Lobster Tail 3 4 Oz,Fruits,616,4.12
1617,Shiro Miso,Bakery,617,18.42
1618,Nut Almond Blanched Whole,Beverages,618,2.74
1619,Wine Stoneliegh Sauvignon,Snacks,619,4.73
1620,Muffin Orange Individual,FrozenFoods,620,19.12
1621,Bread Crumbs Panko,Meat,621,7.17
1622,Bread Frozen Basket Variety,Bakery,622,8.62
1623,Yoplait Strawbrasp Peac,Fruits,623,9.01
1624,Pineapple Golden,Bakery,624,12.38
1625,Alize Gold Passion,Snacks,625,14.92
1626,Mix Pina Colada,Snacks,626,14.91
1627,Sauce Tomato Pouch,FrozenFoods,627,19.92
1628,Pepper Scotch Bonnet,Bakery,628,16.49
1629,Pork Shoulder,Snacks,629,7.34
1630,Glove Cutting,Beverages,630,7.99
1631,Glaze Clear,Meat,631,13.81
1632,Beer Blue Light,Bakery,632,6.99
1633,Durian Fruit,Fruits,633,6.58
1634,Kiwano,CannedGoods,634,19.80
1635,Pasta Cheese / Spinach Bauletti,Vegetables,635,6.56
1636,Lettuce Lambs Mash,FrozenFoods,636,3.95
1637,Wine Niagara Peninsula Vqa,Dairy,637,4.64
1638,Praline Paste,Beverages,638,12.84
1639,Lamb Shanks,CannedGoods,639,19.70
1640,Vermouth Sweet Cinzano,Dairy,640,2.42
1641,Cheese Parmesan Grated,Bakery,641,13.61
1642,Chips Potato All Dressed 43g,Beverages,642,12.73
1643,Potatoes Fingerling 4 Oz,Snacks,643,4.15
1644,Table Cloth 53x69 Colour,Snacks,644,4.45
1645,Petite Baguette,Snacks,645,18.12
1646,Coke Classic 355 Ml,Dairy,646,12.34
1647,Pork Loin Bine In Frenched,Snacks,647,2.03
1648,Wine White Lindemans Bin 95,Meat,648,16.19
1649,Coffee Guatemala Dark,Vegetables,649,17.54
1650,Walkers Special Old Whiskey,Dairy,650,15.11
1651,Mustard Dijon,FrozenFoods,651,3.65
1652,Piping Jelly All Colours,FrozenFoods,652,14.02
1653,Creamers 10%,PersonalCare,653,13.16
1654,Beef Striploin,FrozenFoods,654,3.97
1655,Shrimp 100 / 200 Cold Water,PersonalCare,655,19.96
1656,Kippers Smoked,Fruits,656,18.18
1657,Potatoes Instant Mashed,Meat,657,10.33
1658,Table Cloth 81x81 White,Bakery,658,18.77
1659,Napkin White Starched,Vegetables,659,6.22
1660,Quail Whole Boneless,FrozenFoods,660,3.43
1661,Apricots Halves,Bakery,661,16.17
1662,Wine Manischewitz Concord,Bakery,662,2.02
1663,Glove Cutting,Snacks,663,12.21
1664,Mcgillicuddy Vanilla Schnap,Vegetables,664,2.78
1665,Tequila Rose Cream Liquor,Vegetables,665,15.07
1666,Sugar Brown,FrozenFoods,666,2.38
1667,Butter Salted,Beverages,667,16.08
1668,Oxtail Cut,Fruits,668,3.31
1669,Beef Inside Round,Vegetables,669,16.05
1670,Hipnotiq Liquor,Vegetables,670,14.60
1671,Capicola Hot,Vegetables,671,4.91
1672,Cookie Dough Double,Beverages,672,16.16
1673,Soup Campbells Split Pea And Ham,Fruits,673,2.50
1674,Pepper Pablano,Dairy,674,1.41
1675,Port 74 Brights,Fruits,675,13.92
1676,Wine Cotes Du Rhone,Snacks,676,13.01
1677,Tamarind Paste,Snacks,677,14.48
1678,Compound Strawberry,FrozenFoods,678,8.93
1679,Container Clear 32 Oz,Snacks,679,8.60
1680,Crackers Water,Vegetables,680,8.51
1681,Olives Morracan Dired,Dairy,681,11.67
1682,Raspberries Fresh,CannedGoods,682,5.84
1683,Beer Camerons Cream Ale,Bakery,683,19.49
1684,Glass Clear 7 Oz Xl,Fruits,684,1.07
1685,Flour Semolina,Fruits,685,4.59
1686,True Vue Containers,Meat,686,16.66
1687,Steampan Lid For Half Size,Beverages,687,11.43
1688,Guava,Meat,688,1.21
1689,Cheese Comte,Beverages,689,11.88
1690,Scallops In Shell,CannedGoods,690,17.35
1691,Wine Sake,PersonalCare,691,9.05
1692,Tea Herbal I Love Lemon,Dairy,692,3.02
1693,Puff Pastry Slab,Beverages,693,12.61
1694,Island Oasis Magarita Mix,Dairy,694,11.23
1695,Higashimaru Usukuchi Soy,Snacks,695,12.69
1696,Mix Cappucino Cocktail,FrozenFoods,696,14.06
1697,Scallops 10/20,Bakery,697,9.49
1698,Wine Niagara Peninsula Vqa,Fruits,698,3.81
1699,Pastry Butterscotch Baked,Fruits,699,12.99
1700,Appetizer Chicken Satay,Meat,700,15.65
1701,Syrup Monin Granny Smith,Snacks,701,14.27
1702,Bread Olive,Bakery,702,1.95
1703,Broom Handle,Meat,703,18.77
1704,Cranberries Frozen,Vegetables,704,18.80
1705,Lotus Rootlets Canned,Meat,705,19.70
1706,Pails With Lids,Dairy,706,14.06
1707,Steel Wool S.o.s,PersonalCare,707,4.31
1708,Appetizer Seafood Assortment,Vegetables,708,4.53
1709,Eel Fresh,Bakery,709,14.23
1710,Allspice Jamaican,Snacks,710,19.95
1711,Chicken Wings Tip Off,Beverages,711,14.94
1712,Onions Pearl,Snacks,712,8.90
1713,Beef Bones Cut Up,Vegetables,713,12.67
1714,Cod Salted Boneless,Dairy,714,7.20
1715,Asparagus Frozen,Fruits,715,7.68
1716,Wine Pinot Grigio Collavini,FrozenFoods,716,2.82
1717,Pizza Pizza Dough,Fruits,717,16.73
1718,Corn On The Cob,Beverages,718,7.66
1719,Bacardi Mojito,FrozenFoods,719,15.20
1720,Bread French Baquette,PersonalCare,720,10.40
1721,Pepsi 600ml,FrozenFoods,721,3.52
1722,Bread Italian Roll With Herbs,FrozenFoods,722,13.82
1723,Hipnotiq Liquor,Vegetables,723,15.09
1724,Wine Sogrape Mateus Rose,Meat,724,11.59
1725,Beans Black Bean Preserved,Dairy,725,8.81
1726,Chocolate Dark Callets,Beverages,726,13.09
1727,Longos Cheese Tortellini,CannedGoods,727,8.06
1728,Cake Bande Of Fruit,Dairy,728,1.48
1729,Wine Mondavi Coastal Private,Dairy,729,7.46
1730,Wine White Pinot Grigio,FrozenFoods,730,7.24
1731,Bread Raisin Walnut Oval,Beverages,731,4.24
1732,Chocolate Bar Coffee Crisp,Beverages,732,2.72
1733,Beer Fruli,Dairy,733,17.69
1734,Wine Magnotta Red Baco,Vegetables,734,14.94
1735,Island Oasis Cappucino Mix,PersonalCare,735,16.47
1736,Vegetable Base,Fruits,736,1.86
1737,Tea Green,Meat,737,19.66
1738,Peach Halves,Dairy,738,13.47
1739,Mince Meat Filling,FrozenFoods,739,7.28
1740,Venison Ground,Beverages,740,6.14
1741,Beer Sleeman Fine Porter,Vegetables,741,10.86
1742,Veal Insides Provini,Fruits,742,18.23
1743,Coconut Creamed Pure,FrozenFoods,743,10.14
1744,Tomatoes Orange,Fruits,744,10.96
1745,Wine La Vielle Ferme Cote Du,FrozenFoods,745,10.00
1746,Nut Almond Blanched Whole,Meat,746,2.26
1747,Duck Legs,FrozenFoods,747,3.25
1748,Fond Chocolate,Beverages,748,9.69
1749,Rum Dark Bacardi Black,Meat,749,2.86
1750,Container Hngd Cll Blk 7x7x3,Vegetables,750,5.94
1751,Cabbage Nappa,Snacks,751,7.85
1752,Mix Cappucino Cocktail,Beverages,752,10.06
1753,Marsala Sperone Fine D.o.c.,FrozenFoods,753,9.87
1754,Coffee Almond Amaretto,PersonalCare,754,2.35
1755,Garbag Bags Black,Meat,755,1.64
1756,Coffee Decaf Colombian,Fruits,756,3.63
1757,Papayas,Snacks,757,12.40
1758,Bread Roll Soft White Round,Meat,758,19.66
1759,Carbonated Water Peach,CannedGoods,759,17.79
1760,Container Clear 32 Oz,FrozenFoods,760,8.44
1761,Soup V8 Roasted Red Pepper,Dairy,761,18.82
1762,Wine Red Pelee Island Merlot,Bakery,762,9.41
1763,Yogurt French Vanilla,PersonalCare,763,6.77
1764,Carroway Seed,Snacks,764,14.32
1765,Lamb Sausage Casings,FrozenFoods,765,15.28
1766,Plasticspoonblack,Dairy,766,9.76
1767,Tea Herbal Sweet Dreams,Bakery,767,7.17
1768,Pork Tenderloin Frozen,Meat,768,4.31
1769,Crush Orange 355ml,Bakery,769,12.73
1770,Rosemary Dry,Vegetables,770,13.08
1771,Bacardi Raspberry,Snacks,771,4.93
1772,Creamers 10%,Beverages,772,3.01
1773,Melon Honey Dew,PersonalCare,773,16.77
1774,Soho Lychee Liqueur,Meat,774,9.78
1775,Garbag Bags Black,FrozenFoods,775,7.14
1776,Soup Campbells Italian Wedding,FrozenFoods,776,17.72
1777,Shrimp Black Tiger 6 8,CannedGoods,777,3.72
1778,Sauce Balsamic Viniagrette,Meat,778,14.00
1779,Basil Fresh,Fruits,779,10.14
1780,Bar Special K,Fruits,780,12.20
1781,Cup Translucent 9 Oz,FrozenFoods,781,1.25
1782,Tomatoes Cherry,Meat,782,3.62
1783,Jam Blackberry 20 Ml Jar,Fruits,783,13.76
1784,Tea Lemon Scented,Meat,784,6.37
1785,Cocktail Napkin Blue,Bakery,785,6.75
1786,Cake Mini Cheesecake,CannedGoods,786,13.93
1787,Lid Tray 12in Dome,Meat,787,5.20
1788,Pastry Chocolate Marble Tea,Vegetables,788,13.97
1789,Tuna Canned Flaked Light,Fruits,789,8.23
1790,Bread Pain Au Liat X12,PersonalCare,790,12.72
1791,Shichimi Togarashi Peppeers,Fruits,791,4.74
1792,Ginger Fresh,FrozenFoods,792,2.54
1793,Langers Ruby Red Grapfruit,Vegetables,793,14.90
1794,Muffin Mix Oatmeal,FrozenFoods,794,10.89
1795,Wine White Ej Gallo,Dairy,795,18.98
1796,Shrimp Baby Cold Water,PersonalCare,796,9.19
1797,Puree Mango,Meat,797,3.12
1798,Shrimp Dried Small / Lb,PersonalCare,798,3.63
1799,Soup Campbells,Fruits,799,7.31
1800,Kellogs Raisan Bran Bars,PersonalCare,800,16.15
1801,Chilli Paste Hot Sambal Oelek,FrozenFoods,801,13.72
1802,Bread Base Italian,Snacks,802,15.16
1803,Icecream Dstk Strw Chseck,Dairy,803,7.23
1804,Easy Off Oven Cleaner,PersonalCare,804,11.84
1805,Shrimp 31/40,Meat,805,13.62
1806,Salad Dressing,Vegetables,806,3.19
1807,Beans Fava Canned,Dairy,807,5.84
1808,Appetizer Escargot Puff,Meat,808,13.36
1809,Sauce Demi Glace,Snacks,809,14.42
1810,Tart Shells Barquettes Savory,FrozenFoods,810,4.04
1811,Split Peas Green Dry,Fruits,811,6.19
1812,Veal Inside Choice,FrozenFoods,812,9.51
1813,Uniform Linen Charge,FrozenFoods,813,10.68
1814,Cocoa Powder Dutched,Snacks,814,11.83
1815,Salt And Pepper Mix White,PersonalCare,815,10.84
1816,Arctic Char Fresh Whole,Bakery,816,2.44
1817,Vinegar Champagne,Fruits,817,9.78
1818,Tart Shells Barquettes Savory,Vegetables,818,2.67
1819,Chocolate Chips Compound,Meat,819,19.34
1820,Lettuce California Mix,Snacks,820,19.05
1821,Doilies 5 Paper,Fruits,821,9.20
1822,Chilli Paste Hot Sambal Oelek,FrozenFoods,822,9.56
1823,Wine Stoneliegh Sauvignon,Fruits,823,9.62
1824,Mortadella,CannedGoods,824,6.03
1825,Cinnamon Stick,CannedGoods,825,19.93
1826,Steel Wool,CannedGoods,826,8.26
1827,Sauce Soy Low Sodium 3.87l,Fruits,827,19.72
1828,Veal Round Eye Of,FrozenFoods,828,16.26
1829,Wine Chateau Aqueria Tavel,Meat,829,2.26
1830,Table Cloth 53x53 White,Vegetables,830,19.74
1831,Snapple Raspberry Tea,Meat,831,16.24
1832,Parasol Pick Stir Stick,FrozenFoods,832,18.24
1833,Tea Orange Pekoe,FrozenFoods,833,15.18
1834,Bread Wheat Baguette,Dairy,834,13.27
1835,Wine White Riesling Semi Dry,PersonalCare,835,17.99
1836,Cape Capensis Fillet,Dairy,836,16.51
1837,Beef Diced,Vegetables,837,19.85
1838,Everfresh Products,Snacks,838,11.60
1839,Beans Turtle Black Dry,Vegetables,839,10.79
1840,Pastry Choclate Baked,CannedGoods,840,19.21
1841,Mahi Mahi,Vegetables,841,14.09
1842,Whmis Spray Bottle Graduated,Vegetables,842,13.89
1843,Pasta Penne Primavera Single,Dairy,843,11.92
1844,Icecream Cone Areo Chocolate,Meat,844,12.40
1845,Wine Red Cabernet Merlot,Bakery,845,17.05
1846,Berry Brulee,FrozenFoods,846,13.42
1847,Calypso Pineapple Passion,FrozenFoods,847,12.85
1848,Plasticforkblack,Beverages,848,6.59
1849,Higashimaru Usukuchi Soy,Meat,849,1.17
1850,Wine Shiraz Wolf Blass Premium,Snacks,850,12.62
1851,Wine Valpolicella Masi,Dairy,851,18.58
1852,Beef Eye Of Round,PersonalCare,852,19.92
1853,Coffee Caramel Biscotti,FrozenFoods,853,10.44
1854,Bay Leaf Ground,Snacks,854,4.92
1855,Pastry Carrot Muffin Mini,PersonalCare,855,3.92
1856,Pork Liver,Bakery,856,19.62
1857,Oil Hazelnut,Vegetables,857,8.27
1858,Sauce Alfredo,Dairy,858,11.92
1859,Pear Packum,Snacks,859,10.49
1860,Cheese Brie danish,Beverages,860,14.02
1861,Sole Iqf,PersonalCare,861,6.27
1862,Wine Vouvray Cuvee Domaine,FrozenFoods,862,9.91
1863,Beef Salted,Fruits,863,10.39
1864,Cookie Dough Chocolate Chip,Bakery,864,17.89
1865,Vinegar Red Wine,CannedGoods,865,11.20
1866,Carrots Purple Organic,PersonalCare,866,17.99
1867,Juice Ocean Spray Kiwi,PersonalCare,867,3.86
1868,Chips Potato Swt Chilli Sour,Dairy,868,13.28
1869,Bulgar,Dairy,869,15.02
1870,Tart Shells Sweet 3,Dairy,870,8.49
1871,Sausage Blood Pudding,Beverages,871,12.40
1872,Cheese Havarti Roasted Garlic,Fruits,872,7.27
1873,Potatoes Peeled,CannedGoods,873,6.97
1874,Spice Pepper Portions,Fruits,874,16.51
1875,Cheese Cheddar Processed,Beverages,875,7.13
1876,Cheese Brie danish,Vegetables,876,5.05
1877,The Pop Shoppe Root Beer,Dairy,877,16.66
1878,Chocolate Bar Oh Henry,Fruits,878,5.84
1879,Chicken Wieners,CannedGoods,879,1.90
1880,Wine Red Pinot Noir Chateau,Dairy,880,6.43
1881,Wine Tribal Sauvignon,PersonalCare,881,14.33
1882,Chef Hat 20cm,Bakery,882,6.47
1883,V8 Pet,Fruits,883,10.25
1884,Tuna Canned Flaked Light,PersonalCare,884,10.35
1885,Beef Tongue Fresh,Meat,885,15.38
1886,Ginger Fresh,Fruits,886,1.31
1887,Peppercorns Green,Snacks,887,8.06
1888,Cake Mini Potato Pancake,Bakery,888,16.13
1889,Kiwi,FrozenFoods,889,11.95
1890,Mix Cocktail Ice Cream,Meat,890,17.21
1891,Sugar Sweet N Low Individual,Vegetables,891,16.74
1892,Appetizer Mini Egg Roll Shrimp,FrozenFoods,892,12.26
1893,Bread Roll Whole Wheat,CannedGoods,893,3.71
1894,Puree Pear,Bakery,894,13.99
1895,Kellogs All Bran Bars,Snacks,895,4.11
1896,Wine Penfolds Koonuga Hill,Beverages,896,10.16
1897,Doilies 5 Paper,CannedGoods,897,13.72
1898,Veal Insides Grains,Beverages,898,4.05
1899,Melon Cantaloupe,Snacks,899,8.40
1900,Icecream Bar Del Monte,Dairy,900,11.35
1901,Cheese Brie,Meat,901,15.18
1902,Longos Penne With Pesto,PersonalCare,902,8.35
1903,Appetizer Cheese Bites,Fruits,903,7.27
1904,Toamtoes 6x7 Select,CannedGoods,904,4.24
1905,The Pop Shoppe Black Cherry,Vegetables,905,10.13
1906,Lettuce Arugula,Bakery,906,10.78
1907,Bread Corn Muffaletta,FrozenFoods,907,15.43
1908,Tendrils Baby Pea Organic,Fruits,908,1.97
1909,Shrimp 16/20 Peeled Deviened,FrozenFoods,909,18.42
1910,Appetizer Asian Shrimp Roll,Beverages,910,14.84
1911,Mince Meat Filling,Dairy,911,13.87
1912,Urban Zen Drinks,Bakery,912,16.04
1913,Beer Tetleys,Beverages,913,13.62
1914,Molasses Fancy,Fruits,914,11.08
1915,Pepsi Diet 355 Ml,Meat,915,6.07
1916,Tea Apple Green Tea,Beverages,916,18.35
1917,Pastry Choclate Baked,PersonalCare,917,2.58
1918,Energy Drink Bawls,Bakery,918,1.79
1919,Chef Hat 25cm,Meat,919,15.71
1920,Spinach Packaged,Snacks,920,8.59
1921,Celery,PersonalCare,921,4.51
1922,Syrup Monin Blue Curacao,CannedGoods,922,1.19
1923,Sword Pick Asst,CannedGoods,923,14.42
1924,Huck Towels White,Beverages,924,1.40
1925,Veal Kidney,FrozenFoods,925,18.39
1926,Butter Salted,Snacks,926,4.72
1927,Doilies 12 Paper,Meat,927,17.48
1928,Island Oasis Raspberry,Fruits,928,12.04
1929,Veal Inside Choice,PersonalCare,929,1.18
1930,Cheese Parmesan Grated,Dairy,930,19.12
1931,Appetizer Cheese Bites,CannedGoods,931,14.09
1932,Cake French Pear Tart,FrozenFoods,932,7.65
1933,Smoked Tongue,FrozenFoods,933,12.90
1934,Chicken Soup Base,Dairy,934,17.14
1935,Flour Dark Rye,Fruits,935,9.81
1936,Oil Pumpkinseed,Vegetables,936,14.45
1937,Onions Spanish,Beverages,937,11.59
1938,Sugar Invert,Fruits,938,15.06
1939,Mushroom Porcini Dry,Beverages,939,14.82
1940,Flour Bread,Bakery,940,13.78
1941,Lotus Root,CannedGoods,941,17.39
1942,Bananas,FrozenFoods,942,1.79
1943,Celery,Dairy,943,5.58
1944,Trueblue Blueberry Cranberry,Vegetables,944,16.44
1945,Soup Campbells Lentil,Dairy,945,4.06
1946,Coffee Decafenated,Fruits,946,5.50
1947,Lamb Shoulder Boneless Nz,FrozenFoods,947,9.81
1948,Onions Cooking,CannedGoods,948,2.31
1949,Yoplait Strawbrasp Peac,Snacks,949,9.36
1950,Wine Chardonnay South,Dairy,950,19.05
1951,Truffle Shells Semi Sweet,FrozenFoods,951,13.21
1952,Wine Vovray Sec Domaine Huet,Vegetables,952,11.65
1953,Pasta Ravioli,CannedGoods,953,15.03
1954,Swiss Chard,Beverages,954,13.70
1955,Island Oasis Raspberry,Fruits,955,8.13
1956,Cheese Parmigiano Reggiano,Dairy,956,19.99
1957,Roe Lump Fish Red,CannedGoods,957,15.73
1958,Coke Diet 355 Ml,Bakery,958,13.59
1959,Wine Taylors Reserve,Vegetables,959,17.95
1960,Dry Ice,Meat,960,16.66
1961,Wine Fino Tio Pepe Gonzalez,Beverages,961,2.92
1962,Cheese Comtomme,CannedGoods,962,14.98
1963,Coconut Creamed Pure,Beverages,963,17.04
1964,Nut Walnut Pieces,Beverages,964,19.83
1965,Persimmons,Snacks,965,9.58
1966,Bread Sour Rolls,Meat,966,13.50
1967,Apple Granny Smith,Beverages,967,10.42
1968,Oven Mitts 15 Inch,PersonalCare,968,8.31
1969,Bagelers Cinn / Brown,Vegetables,969,2.22
1970,Bread Ww Cluster,Beverages,970,9.82
1971,Pasta Elbows Macaroni Dry,Meat,971,14.21
1972,Crab Brie In Phyllo,Dairy,972,17.72
1973,Wine Red Colio Cabernet,Meat,973,16.62
1974,Cookies Amaretto,Bakery,974,2.12
1975,Pepper Julienne Frozen,Fruits,975,3.04
1976,Wine Sauvignon Blanc,Dairy,976,18.76
1977,Wooden Mop Handle,Beverages,977,3.99
1978,Bread Dark Rye,CannedGoods,978,18.89
1979,Sachet,Dairy,979,13.38
1980,Scotch Queen Anne,CannedGoods,980,9.57
1981,Mudslide,Fruits,981,1.81
1982,Mushroom Enoki Fresh,CannedGoods,982,11.23
1983,Tomato Tricolor Cherry,Beverages,983,3.38
1984,Pepper Chili Powder,Beverages,984,2.78
1985,Crush Orange 355ml,Snacks,985,12.97
1986,Beer Pilsner Urquell,Fruits,986,13.54
1987,Beef Rib Roast Capless,PersonalCare,987,13.56
1988,Pasta Canelloni Single Serve,Dairy,988,7.55
1989,Onions Spanish,Meat,989,13.90
1990,Wine Red Concha Y Toro,Snacks,990,11.03
1991,Initation Crab Meat,Dairy,991,4.26
1992,Schnappes Peppermint Walker,Fruits,992,11.26
1993,Cheese Ermite Bleu,CannedGoods,993,4.60
1994,Pecan Raisin Tarts,PersonalCare,994,5.95
1995,Turnip White Organic,Bakery,995,17.48
1996,Pepper Jalapeno,PersonalCare,996,18.69
1997,Bread Base Goodhearth,Snacks,997,15.51
1998,Cup 3.5oz Foam,FrozenFoods,998,8.71
1999,Pepper Green Chili,Dairy,999,16.68
2000,Mix Pina Colada,PersonalCare,1000,3.77
